Bedrooms,Bathrooms,SquareFootageHouse,Location,Age,PoolQuality,HasPhotovoltaics,HeatingType,HasFiberglass,IsFurnished,DateSinceForSale,HouseColor,PreviousOwnerName,HasFireplace,KitchensQuality,BathroomsQuality,BedroomsQuality,LivingRoomsQuality,SquareFootageGarden,PreviousOwnerRating,HeatingCosts,WindowModelNames,Price
1,2,127.0,Rural,69.0,2,0,Electricity,1,1,6,Yellow,Martin,0,2,2,2,2,16.0,1.33,,Wood,346.57594
3,3,129.0,Rural,65.0,,1,Oil,0,0,18,Gray,,0,1,2,3,1,16.0,1.52,,Steel,429.91007
1,2,99.0,Urban,43.0,3,0,Electricity,1,1,22,White,Stefan,0,2,2,3,1,46.0,2.49,59.4,Aluminum,243.80271
2,,126.0,Rural,35.0,,0,Oil,0,0,39,White,Daniel,0,2,2,2,2,6.0,1.44,201.6,Steel,378.22772
1,3,101.0,Rural,54.0,,,Electricity,0,1,18,Gray,,0,3,1,1,2,6.0,1.88,60.0,Wood,249.67852
,2,81.0,Urban,58.0,,,Electricity,0,0,22,Gray,Natalie,0,2,3,2,2,6.0,2.87,,Steel,185.29771
1,,45.0,Suburban,,3,0,Oil,0,1,33,Yellow,,0,2,3,3,2,46.0,4.63,72.0,Aluminum,121.05968
1,1,23.0,Suburban,13.0,,0,Oil,0,1,42,Green,,0,2,2,3,3,6.0,2.47,,Steel,108.5784
2,,95.0,Urban,,,1,Oil,1,0,3,Gray,,0,3,2,2,3,6.0,1.91,152.0,Wood,217.37796
2,2,96.0,Rural,58.0,2,0,Gas,0,0,9,Yellow,Stefan,0,2,3,1,2,16.0,3.91,97.0,Aluminum,215.25902
,1,46.0,Rural,,,,Oil,0,0,47,Gray,Stefan,0,3,2,2,3,6.0,2.5,,Steel,227.02029
2,,130.0,Suburban,66.0,,,Oil,0,1,16,Gray,,0,2,3,2,3,6.0,2.54,,Steel,206.37084
1,1,91.0,Suburban,38.0,3,1,Electricity,0,0,39,Green,Lukas,0,2,2,1,3,46.0,1.66,52.8,Steel,155.24395
1,,28.0,Rural,66.0,2,0,Gas,0,1,27,Gray,,0,2,3,2,2,16.0,2.29,28.0,Wood,202.40956
1,1,49.0,Urban,50.0,2,1,Electricity,1,1,26,White,,0,1,2,1,2,16.0,2.34,30.6,Aluminum,107.6489
3,,143.0,Urban,32.0,2,0,Oil,0,1,33,Yellow,,1,3,2,1,1,16.0,4.53,232.0,Wood,342.18513
1,1,36.0,Suburban,54.0,1,,Oil,0,1,34,Gray,,0,2,1,3,2,14.0,1.84,56.0,Aluminum,60.4763
2,3,108.0,Rural,,2,0,Gas,1,1,30,White,Daniel,0,1,2,1,3,16.0,2.24,106.0,Wood,339.70145
2,,134.0,Suburban,43.0,,0,Oil,0,0,34,Gray,,0,2,2,1,1,6.0,2.95,214.4,Aluminum,114.95402
1,,83.0,Suburban,61.0,2,1,Electricity,0,1,8,White,,0,3,3,1,2,16.0,3.18,,Steel,149.80814
3,3,102.0,Urban,43.0,,0,Oil,0,1,11,Green,Johanna,0,2,2,3,1,6.0,2.91,160.0,Wood,258.41631
4,1,145.0,Urban,45.0,,1,Electricity,0,1,16,White,,0,1,2,1,3,6.0,3.42,88.2,Steel,282.32557
1,,87.0,Rural,,,0,Electricity,1,0,11,Gray,,0,1,3,1,2,6.0,1.43,51.6,Wood,186.03936
1,2,83.0,Suburban,38.0,1,0,Oil,0,0,30,Gray,Roman,0,2,2,2,2,14.0,2.65,,Steel,141.41595
3,,104.0,Urban,,2,,Electricity,1,1,45,Green,,0,3,2,2,3,16.0,2.58,63.0,Aluminum,172.1346
4,3,141.0,Urban,47.0,,0,Oil,1,1,10,Yellow,,0,3,3,2,2,6.0,4.61,230.4,Aluminum,299.86176
1,1,47.0,Urban,,,0,Oil,1,0,11,Yellow,Laura,0,2,3,2,1,6.0,4.81,76.8,Wood,2706.4684
2,,64.0,Rural,69.0,1,0,Electricity,0,1,15,Yellow,Florian,0,2,2,3,3,14.0,2.34,,Steel,324.69779
1,1,77.0,Urban,39.0,2,,Electricity,0,1,48,,Sabrina,0,2,3,3,2,16.0,3.66,,Steel,235.67158
2,1,69.0,Urban,44.0,,0,Gas,0,1,6,Yellow,Natalie,0,2,1,3,3,6.0,2.14,,Aluminum,127.65216
1,1,47.0,Rural,40.0,,0,Electricity,1,0,11,Green,Andreas,0,2,3,3,2,6.0,2.42,,Aluminum,119.14781
2,,98.0,Urban,43.0,,0,Oil,0,0,6,Yellow,,0,2,2,3,2,6.0,4.3,156.8,Steel,257.16476
2,5,138.0,Rural,47.0,,1,Electricity,0,1,3,Gray,,0,2,2,2,1,6.0,2.55,83.4,Aluminum,257.40436
1,1,61.0,Rural,,2,0,Oil,1,0,37,,Andreas,0,2,1,1,2,16.0,3.65,,Wood,220.08495
2,2,88.0,Urban,58.0,,,Oil,1,1,15,Gray,Denis,0,2,2,3,3,6.0,1.28,7622.0,Aluminum,198.11572
,,83.0,Suburban,65.0,,0,Gas,0,1,30,Green,Stefan,0,2,1,2,2,14.0,2.2,83.0,Steel,141.99963
1,1,30.0,Rural,,,,Gas,0,0,18,Yellow,,0,1,2,2,2,6.0,3.03,,Aluminum,61.91122
1,2,86.0,Urban,24.0,,0,Electricity,1,0,36,Yellow,Andreas,0,1,1,2,3,6.0,2.14,52.2,Wood,146.47819
2,2,106.0,Urban,63.0,,1,Electricity,0,1,6,Yellow,Maria,0,1,3,3,3,6.0,3.81,63.0,Aluminum,149.38014
3,3,149.0,Suburban,50.0,3,,Gas,0,0,11,White,,0,1,2,3,1,46.0,2.23,,Aluminum,162.61883
2,2,102.0,Rural,,,0,Gas,0,1,4,White,Daniel,0,1,2,2,3,16.0,1.38,,Aluminum,263.51077
1,2,61.0,Rural,52.0,3,0,Electricity,1,1,28,Yellow,Maria,0,2,2,2,2,46.0,3.04,36.6,Wood,357.01552
1,,143.0,Suburban,10.0,2,1,Oil,1,1,15,,Stefan,0,3,3,2,2,16.0,4.14,,Steel,256.29449
2,3,124.0,Rural,37.0,,0,Electricity,0,1,8,Yellow,,0,3,1,2,3,14.0,4.52,75.0,Aluminum,273.71422
1,,46.0,Rural,47.0,,0,Gas,0,1,1,Green,Theresa,0,3,2,3,3,16.0,2.39,44.0,Steel,340.31024
1,,57.0,Rural,44.0,,0,Oil,1,1,17,Yellow,Andreas,0,2,2,2,2,6.0,4.02,89.6,Wood,254.1963
2,1,95.0,Suburban,36.0,,0,Oil,0,1,0,White,Roman,0,2,1,2,2,6.0,3.33,,Wood,142.68712
1,1,51.0,Urban,54.0,,,Oil,0,1,47,Green,Laura,0,2,2,2,3,6.0,1.71,84.8,Steel,206.90493
,,134.0,Suburban,,1,1,Electricity,0,0,49,White,,0,1,1,2,1,14.0,2.43,80.4,Wood,99.4823
1,2,88.0,Suburban,50.0,,0,Electricity,0,1,49,Green,,0,2,1,2,2,16.0,2.71,52.8,Aluminum,79.88437
1,1,37.0,Rural,51.0,,0,Electricity,1,0,6,Yellow,Florian,0,3,3,3,1,6.0,2.38,21.0,Wood,166.2655
,,67.0,Suburban,65.0,,,Electricity,1,1,0,Green,,0,3,2,2,1,14.0,2.35,,Wood,111.06263
5,1,146.0,Suburban,55.0,,,Electricity,1,1,43,White,,0,2,1,2,2,6.0,2.29,,Steel,166.36268
2,2,90.0,Suburban,17.0,1,1,Oil,0,1,23,Gray,Theresa,0,1,3,2,3,14.0,1.25,,Steel,188.05449
2,2,151.0,Rural,14.0,,,Gas,0,1,39,Gray,,0,1,2,1,2,6.0,2.31,149.0,Wood,354.3532
1,1,28.0,Rural,62.0,,,Electricity,0,1,7,Green,,0,3,3,3,2,46.0,2.07,,Steel,401.65777
4,5,143.0,Suburban,45.0,,,Gas,1,0,3,Yellow,Stefan,0,1,2,3,2,6.0,1.66,144.0,Aluminum,125.64009
1,,120.0,Suburban,42.0,,0,Oil,0,0,36,Gray,Lukas,0,2,3,2,2,6.0,2.96,193.6,Steel,156.90169
2,2,61.0,Urban,67.0,,0,Oil,1,1,47,White,Lukas,0,1,2,3,2,6.0,1.65,99.2,Aluminum,132.4717
1,2,61.0,Suburban,,,,Gas,0,1,26,Green,Stefan,0,2,2,2,1,6.0,2.37,60.0,Aluminum,55.07227
1,,96.0,Rural,63.0,,0,Oil,1,0,17,White,Roman,0,2,1,2,3,16.0,1.85,,Aluminum,257.99568
1,2,94.0,Rural,30.0,,1,Gas,0,1,26,White,Johanna,0,2,2,2,2,6.0,1.8,,Aluminum,205.17058
1,1,83.0,Urban,63.0,,0,Electricity,1,1,11,Gray,Florian,0,2,2,1,2,46.0,1.7,49.8,Steel,323.33082
1,1,86.0,Rural,52.0,,1,Electricity,0,1,15,Green,Sandra,0,1,1,1,2,6.0,3.4,,Steel,277.9167
2,1,88.0,Rural,,,1,Electricity,0,0,0,Gray,Andreas,0,1,3,1,3,6.0,2.5,,Aluminum,132.00758
1,1,42.0,Suburban,,1,0,Electricity,1,0,47,Yellow,Martin,0,2,2,1,2,14.0,3.79,,Steel,90.54936
1,1,20.0,Urban,45.0,,0,Oil,0,1,11,White,Daniel,0,2,2,3,2,16.0,3.85,,Wood,158.23189
1,1,55.0,Urban,,,0,Electricity,1,0,20,Green,Lukas,0,3,1,1,2,6.0,2.94,,Aluminum,62.24981
1,,82.0,Rural,50.0,2,1,Gas,1,1,43,Green,Laura,0,2,3,1,2,16.0,2.83,80.0,Steel,364.93799
1,2,121.0,Suburban,67.0,,0,Electricity,0,1,19,White,,0,2,2,2,3,14.0,3.01,,Wood,133.82188
2,2,132.0,Urban,,,0,Gas,0,0,0,,Stefan,0,2,3,3,1,6.0,1.63,,Aluminum,164.47945
2,5,142.0,Urban,46.0,,1,Gas,1,0,1,Green,,0,3,3,1,3,6.0,1.69,141.0,Steel,299.01165
2,2,70.0,Urban,46.0,,0,Electricity,0,1,21,White,,0,1,1,2,1,6.0,3.34,,Steel,192.13082
4,3,130.0,Suburban,66.0,,,Oil,0,1,41,Green,Natalie,0,3,3,1,3,6.0,2.57,209.6,Steel,207.46709
1,1,55.0,Urban,56.0,1,0,Electricity,1,1,43,Yellow,,0,3,2,2,2,14.0,1.58,-703.0,Wood,162.14175
1,1,49.0,Suburban,63.0,,1,Gas,0,1,41,Green,,0,2,3,1,2,14.0,2.53,,Steel,118.94339
1,1,75.0,Suburban,54.0,,0,Gas,0,1,34,Green,,0,3,1,2,2,6.0,2.42,,Aluminum,68.22623
1,1,67.0,Urban,48.0,,0,Oil,0,1,4,Yellow,,0,2,2,2,1,6.0,1.52,105.6,Steel,236.47554
2,3,111.0,Suburban,43.0,,0,Oil,0,1,17,,,0,2,2,3,2,46.0,2.58,179.2,Steel,258.63502
2,2,83.0,Rural,,2,,Electricity,1,1,2,Gray,Maria,0,3,3,3,2,16.0,1.14,,Steel,393.80277
1,2,129.0,Urban,54.0,,,Electricity,0,0,5,Gray,,0,1,2,2,3,6.0,1.07,76.8,Aluminum,131.19271
1,1,20.0,Suburban,68.0,1,,Electricity,1,1,6,Gray,,0,3,3,1,2,14.0,1.54,,Steel,115.71475
1,3,111.0,Urban,39.0,,0,Electricity,0,1,27,White,,0,1,1,2,2,6.0,3.17,66.6,Steel,235.31797
1,1,26.0,Urban,52.0,,0,Electricity,0,0,26,White,Andreas,0,2,2,2,1,6.0,3.35,,Steel,126.47319
1,1,97.0,Suburban,18.0,,0,Gas,0,1,50,Green,Maria,0,2,2,2,3,6.0,2.11,,Aluminum,89.34756
1,1,61.0,Rural,50.0,,0,Gas,0,0,43,Yellow,Theresa,0,2,3,3,1,6.0,3.71,59.0,Aluminum,117.13648
1,2,139.0,Rural,37.0,,0,Gas,1,1,22,Gray,,0,3,3,2,1,6.0,2.45,140.0,Steel,449.08449
2,3,102.0,Suburban,24.0,,0,Gas,0,1,9,White,,0,3,1,2,2,6.0,3.12,,Wood,135.0304
2,2,95.0,Urban,38.0,,1,Oil,0,0,2,White,,0,2,3,3,1,6.0,1.88,,Aluminum,167.73093
2,,64.0,Rural,,,,Oil,1,1,39,Yellow,Theresa,0,1,2,3,1,6.0,1.68,,Aluminum,183.00111
3,,140.0,Urban,,2,0,Gas,1,1,43,White,Laura,0,1,2,2,2,16.0,2.61,5808.0,Steel,324.3867
1,1,97.0,Urban,43.0,,1,Electricity,0,1,3,White,Daniel,0,2,2,2,2,6.0,3.4,,Aluminum,129.50189
1,1,78.0,Urban,24.0,,,Electricity,1,0,31,Yellow,Theresa,0,2,2,2,1,6.0,1.27,46.2,Wood,136.08288
,1,60.0,Suburban,69.0,,,Gas,0,1,25,Yellow,,0,2,2,1,1,6.0,1.6,,Aluminum,48.90793
,,58.0,Rural,35.0,,0,Oil,0,1,4,Gray,,0,1,1,2,3,6.0,1.45,,Steel,316.54506
2,3,126.0,Suburban,64.0,2,,Oil,1,1,17,White,Laura,0,3,1,3,3,16.0,2.1,203.2,Aluminum,171.87381
5,,147.0,Urban,52.0,,,Electricity,0,1,47,Yellow,Florian,0,3,3,1,2,16.0,3.46,87.6,Aluminum,4414.602
1,1,53.0,Suburban,58.0,1,,Oil,0,1,11,Green,,0,2,2,1,3,14.0,2.3,,Wood,110.70012
1,1,41.0,Urban,70.0,,1,Electricity,0,1,7,White,Roman,0,3,1,2,2,6.0,3.15,,Steel,173.23775
2,1,71.0,Urban,13.0,,1,Electricity,1,0,3,Gray,,0,1,2,2,2,6.0,2.85,,Wood,146.63691
3,1,116.0,Urban,,,1,Oil,1,1,2,Gray,Laura,0,2,1,1,3,6.0,2.59,184.0,Aluminum,229.05636
2,2,90.0,Rural,20.0,,0,Oil,1,1,8,Green,Natalie,0,2,1,2,3,6.0,2.72,145.6,Steel,432.61927
1,1,93.0,Suburban,24.0,3,,Oil,0,1,32,White,,0,3,2,1,2,46.0,1.75,,Aluminum,3281.9426
1,2,98.0,Rural,,,0,Gas,0,0,48,Green,Martin,0,1,3,3,2,6.0,3.39,,Wood,221.86337
1,1,59.0,Urban,57.0,,0,Gas,0,0,21,Yellow,Stefan,0,2,2,2,1,16.0,4.2,,Aluminum,101.6956
1,,119.0,Rural,56.0,2,,Gas,0,1,26,White,Andreas,0,1,2,2,2,16.0,3.02,119.0,Steel,420.41889
1,1,24.0,Rural,42.0,,,Gas,1,1,35,White,Maria,0,1,1,2,3,6.0,2.98,25.0,Wood,164.34199
1,1,76.0,Suburban,44.0,2,0,Oil,0,1,17,Yellow,Roman,0,3,2,2,2,16.0,4.14,123.2,Aluminum,111.35587
2,3,122.0,Rural,47.0,,,Electricity,0,1,39,Green,,0,2,2,3,2,6.0,2.93,71.4,Steel,357.69749
2,4,137.0,Urban,57.0,,0,Oil,1,1,39,Gray,,0,2,1,2,3,6.0,3.02,,Wood,6177.448399999999
,2,116.0,Suburban,33.0,,0,Oil,0,1,26,Green,,0,2,3,2,3,16.0,2.77,185.6,Wood,182.82843
1,1,43.0,Rural,,2,,Gas,0,1,49,Gray,Denis,0,2,3,3,2,16.0,2.39,,Steel,281.32158
2,1,144.0,Suburban,25.0,,0,Gas,0,0,50,White,Natalie,0,3,2,2,2,6.0,3.48,,Aluminum,100.83972
3,,107.0,Rural,48.0,3,,Gas,0,1,9,White,,0,2,3,2,2,46.0,2.34,107.0,Wood,479.60332
,2,65.0,Rural,15.0,1,1,Gas,0,1,0,Gray,Johanna,0,1,3,2,2,14.0,3.0,65.0,Aluminum,207.32179
1,,55.0,Suburban,67.0,,,Electricity,1,1,0,Green,,0,2,2,2,3,6.0,1.83,,Wood,91.65324
1,1,22.0,Rural,57.0,,,Electricity,0,1,24,Yellow,Theresa,0,3,1,3,1,6.0,3.19,13.2,Wood,141.84538
2,,120.0,Suburban,,,1,Gas,0,1,36,White,,0,2,3,2,3,6.0,1.49,,Aluminum,2138.0926
1,,33.0,Rural,,,1,Electricity,0,1,1,Yellow,Maria,0,1,3,2,3,6.0,2.92,,Wood,173.001
,,40.0,Suburban,57.0,,,Gas,1,0,11,Gray,,0,2,2,1,2,6.0,1.35,,Aluminum,41.37351
1,4,145.0,Rural,3.0,,0,Gas,0,1,3,Yellow,Maria,0,3,2,2,2,6.0,2.56,145.0,Steel,486.07042
1,1,49.0,Suburban,,,0,Electricity,0,1,40,White,Theresa,0,2,2,3,2,6.0,1.31,29.4,Aluminum,42.95066
3,4,148.0,Urban,14.0,,0,Gas,0,1,39,Gray,Laura,0,2,2,2,2,6.0,1.5,,Wood,275.77505
2,,122.0,Suburban,45.0,,1,Oil,0,1,14,Green,Stefan,0,2,1,1,1,16.0,2.38,,Wood,172.52638
2,2,119.0,Urban,42.0,,0,Electricity,0,0,38,Green,Florian,0,3,2,3,2,16.0,2.21,,Aluminum,156.40266
1,1,39.0,Rural,64.0,,1,Oil,1,0,22,Green,Theresa,0,2,2,2,2,6.0,1.66,60.8,Steel,232.50046
1,1,118.0,Rural,,,,Electricity,1,0,24,Gray,,0,2,2,2,2,16.0,1.3,70.2,Wood,261.09034
2,3,109.0,Urban,38.0,,0,Gas,0,1,12,Green,Roman,0,3,2,1,2,6.0,2.3,108.0,Aluminum,176.28976
1,2,91.0,Urban,,,,Gas,0,1,18,Gray,,0,3,1,1,2,6.0,2.09,91.0,Steel,232.83473
4,,133.0,Suburban,65.0,2,0,Oil,0,1,31,Gray,,0,2,3,2,2,16.0,3.06,212.8,Wood,197.74485
3,,125.0,Rural,,3,0,Oil,0,1,47,White,,0,2,1,3,2,46.0,2.58,,Aluminum,417.38406
1,1,57.0,Urban,,2,0,Oil,0,0,31,Gray,,0,2,2,3,1,16.0,2.75,,Wood,152.4031
1,,66.0,Urban,,,0,Electricity,0,0,37,Yellow,Lukas,0,2,2,2,2,16.0,2.57,39.6,Aluminum,95.72486
3,1,109.0,Suburban,56.0,,0,Electricity,0,0,34,Gray,Theresa,0,2,3,1,2,6.0,2.0,,Aluminum,67.77262
2,1,80.0,Rural,43.0,,0,Electricity,1,1,24,Gray,Andreas,0,3,1,2,2,6.0,1.75,,Steel,316.28369
1,5,148.0,Suburban,26.0,1,0,Electricity,1,1,4,White,Laura,0,3,2,1,3,14.0,2.81,,Wood,176.04793
2,,129.0,Urban,,2,,Gas,1,1,39,Green,,0,2,1,2,3,16.0,1.71,,Wood,263.48257
2,4,134.0,Urban,35.0,2,0,Oil,1,1,11,Green,Denis,0,2,3,2,2,16.0,1.97,,Steel,413.91325
1,1,46.0,Urban,,,1,Gas,0,1,25,Yellow,Lukas,0,3,3,2,2,6.0,4.54,45.0,Wood,131.35081
1,1,44.0,Suburban,37.0,,,Gas,1,0,13,Green,Stefan,0,2,3,3,2,6.0,2.36,45.0,Aluminum,56.12531
1,1,36.0,Rural,59.0,2,0,Gas,1,1,45,,,0,1,2,2,2,16.0,4.26,,Wood,210.18379
1,1,89.0,Rural,47.0,,0,Gas,0,1,8,Green,Andreas,0,2,1,3,2,14.0,2.37,,Steel,369.94703
1,1,33.0,Rural,40.0,,,Gas,0,0,47,Gray,Roman,0,2,2,3,2,6.0,1.39,32.0,Steel,199.22281
2,2,69.0,Urban,36.0,,1,Electricity,0,1,12,Yellow,Stefan,0,2,2,2,2,6.0,1.3,41.4,Aluminum,109.66716
1,1,66.0,Urban,62.0,,1,Oil,1,1,2,White,,0,1,3,3,3,6.0,3.89,107.2,Aluminum,157.02726
1,1,35.0,Rural,52.0,,0,Electricity,0,1,33,Yellow,,0,2,2,2,2,6.0,2.52,20.4,Aluminum,85.22168
2,5,144.0,Rural,43.0,,0,Electricity,1,0,36,Gray,Laura,0,3,2,1,3,6.0,1.44,,Wood,290.83335
3,3,112.0,Rural,40.0,3,0,Electricity,1,1,21,White,,0,3,2,2,1,46.0,1.85,68.4,Aluminum,381.84218
1,1,83.0,Suburban,48.0,,,Oil,1,1,10,Green,Natalie,0,3,3,2,2,14.0,3.25,134.4,Steel,187.1327
2,1,110.0,Suburban,36.0,,0,Gas,0,0,41,White,,0,3,3,1,1,6.0,3.6,111.0,Wood,105.38268
1,,21.0,Suburban,,3,,Oil,1,0,4,White,Roman,0,2,2,3,2,46.0,2.13,,Wood,117.24256
2,2,85.0,Rural,37.0,,,Oil,0,1,16,Yellow,,0,2,2,3,3,6.0,1.27,134.4,Wood,329.98131
1,1,59.0,Rural,33.0,,0,Electricity,0,1,20,Gray,,0,3,2,2,2,6.0,2.07,,Aluminum,134.87541
1,1,31.0,Rural,69.0,2,0,Electricity,1,1,39,,Sabrina,0,3,3,2,2,16.0,3.02,,Wood,215.26759
1,2,106.0,Urban,25.0,,0,Gas,1,0,49,Gray,,0,3,2,1,1,6.0,2.45,106.0,Steel,215.97648
1,1,,Urban,66.0,,,Oil,1,1,29,Green,Roman,0,2,2,3,2,16.0,2.52,,Steel,259.88653
,,27.0,Rural,50.0,,0,Oil,1,1,0,Gray,Sandra,0,2,3,1,3,16.0,2.73,46.4,Steel,329.06989
1,,50.0,Urban,20.0,,0,Electricity,0,1,38,Gray,Andreas,0,3,2,2,3,6.0,2.65,,Steel,192.68739
1,1,45.0,Urban,42.0,,0,Gas,0,0,7,White,Johanna,0,3,2,1,2,6.0,2.15,44.0,Aluminum,73.01597
1,1,40.0,Urban,59.0,,0,Electricity,1,1,5,Yellow,Laura,0,2,2,3,2,6.0,4.68,24.0,Aluminum,85.6927
1,1,54.0,Urban,46.0,,0,Oil,1,1,20,Green,,0,3,2,2,3,6.0,2.2,86.4,Steel,240.31304
1,3,120.0,Urban,36.0,,1,Gas,0,0,34,,Stefan,0,1,3,2,2,6.0,3.26,,Wood,189.09294
2,,60.0,Suburban,,,0,Gas,0,0,46,Gray,,0,2,2,2,2,6.0,2.24,,Aluminum,48.49086
2,,81.0,Rural,,,1,Gas,1,1,33,White,,0,3,2,2,1,6.0,3.05,82.0,Steel,326.95781
1,1,56.0,Rural,42.0,,0,Electricity,0,1,14,Green,Natalie,0,2,2,3,1,6.0,3.31,,Steel,268.41264
1,1,81.0,Suburban,,,,Gas,0,1,50,Green,Sabrina,0,2,2,1,3,6.0,1.71,83.0,Wood,96.35935
1,,146.0,Urban,27.0,,,Oil,0,1,29,Green,,0,2,2,2,3,6.0,2.65,-658.0,Steel,378.09316
1,1,46.0,Urban,48.0,,0,Gas,1,1,19,Yellow,,0,3,2,1,3,6.0,1.56,46.0,Steel,207.05593
1,3,116.0,Urban,39.0,,0,Oil,1,0,26,,,0,3,3,2,1,6.0,1.36,,Aluminum,194.77499
1,1,52.0,Suburban,63.0,,0,Electricity,1,1,28,Green,Denis,0,2,1,2,2,6.0,1.71,,Aluminum,48.71951
1,,58.0,Rural,,,0,Oil,0,1,40,Yellow,Natalie,0,2,3,2,3,6.0,4.37,92.8,Steel,302.38519
2,1,78.0,Rural,,1,0,Oil,1,0,12,Gray,Denis,0,3,3,3,2,14.0,1.41,124.8,Aluminum,231.679
1,1,44.0,Urban,39.0,2,1,Oil,1,1,49,Green,,0,3,1,3,1,16.0,1.52,,Wood,182.52735
1,1,50.0,Rural,51.0,,0,Gas,0,1,50,Yellow,Daniel,0,3,1,1,2,6.0,4.15,,Wood,175.91141
1,,21.0,Rural,58.0,,0,Gas,0,1,8,Yellow,Florian,0,3,2,2,1,6.0,4.71,22.0,Steel,227.44803
2,1,103.0,Urban,54.0,,0,Oil,0,1,43,White,Laura,0,2,1,1,2,6.0,3.83,163.2,Wood,217.5162
2,,105.0,Urban,64.0,,1,Gas,0,1,24,White,,0,2,2,3,3,6.0,3.32,104.0,Aluminum,166.85527
2,2,124.0,Urban,59.0,,0,Electricity,0,1,37,Yellow,,0,3,3,3,2,6.0,4.42,74.4,Aluminum,164.2854
1,,,Suburban,55.0,2,0,Electricity,1,0,35,White,,0,3,2,3,2,16.0,1.35,,Wood,91.90176
2,1,86.0,Rural,55.0,1,1,Electricity,0,1,32,Yellow,Stefan,0,2,2,2,2,14.0,1.25,52.2,Wood,256.16868
1,2,122.0,Urban,62.0,2,0,Electricity,0,1,27,Yellow,,0,2,2,2,3,16.0,3.7,73.2,Aluminum,177.93653
1,,41.0,Suburban,,3,,Oil,1,1,33,Green,Daniel,0,2,2,3,2,46.0,2.64,65.6,Aluminum,120.46112
1,,27.0,Rural,57.0,3,,Gas,0,1,38,Gray,Laura,0,1,1,3,2,46.0,2.16,26.0,Wood,281.75213
1,1,29.0,Suburban,31.0,,0,Oil,0,0,31,Yellow,,0,2,2,2,3,6.0,2.58,44.8,Aluminum,41.50118
1,1,43.0,Urban,63.0,,1,Gas,1,1,38,Gray,,0,2,3,3,3,6.0,1.23,,Wood,152.01113
3,2,,Rural,13.0,,0,Electricity,0,0,34,Yellow,,0,2,2,1,2,6.0,1.2,,Steel,295.48104
2,2,72.0,Rural,68.0,3,0,Oil,1,1,31,White,,0,2,2,2,1,46.0,3.48,115.2,Wood,416.7227
5,5,137.0,Urban,55.0,,,Gas,0,1,23,,Sandra,0,2,1,1,3,6.0,3.43,138.0,Wood,270.10077
1,1,,Urban,,3,0,Electricity,0,0,26,Yellow,Stefan,0,2,1,3,3,46.0,3.88,,Steel,251.30526
1,1,53.0,Urban,,,0,Electricity,1,1,48,,,0,2,2,2,1,6.0,2.08,32.4,Wood,124.47299
1,1,67.0,Urban,57.0,,0,Gas,0,0,23,Green,Lukas,0,2,2,3,2,6.0,3.22,,Steel,179.48507
1,,20.0,Suburban,51.0,3,,Oil,1,1,45,Gray,,0,3,2,1,3,46.0,2.01,32.0,Aluminum,103.67234
1,2,98.0,Suburban,53.0,,,Oil,0,1,41,Gray,Maria,0,2,1,1,3,16.0,1.01,156.8,Aluminum,118.38902
5,1,145.0,Urban,,2,0,Oil,0,1,9,Gray,Laura,0,1,1,2,2,16.0,2.61,232.0,Wood,338.96564
1,2,145.0,Suburban,24.0,3,1,Oil,0,1,4,White,,0,3,1,2,1,46.0,3.62,230.4,Steel,285.70427
2,3,117.0,Suburban,54.0,,0,Gas,1,1,44,Yellow,,0,3,3,2,2,6.0,1.9,117.0,Aluminum,114.88477
4,2,129.0,Rural,64.0,,0,Electricity,0,1,2,Green,Theresa,0,2,1,1,1,6.0,1.7,,Steel,366.06377
,,26.0,Urban,,,,Oil,1,1,16,Yellow,,0,2,3,1,3,6.0,3.39,40.0,Wood,129.72281
1,1,30.0,Suburban,3.0,,0,Oil,0,1,26,Gray,Roman,0,3,2,2,3,6.0,2.94,49.6,Aluminum,61.28632
3,1,134.0,Suburban,49.0,,0,Gas,0,1,7,Gray,,0,1,1,2,2,6.0,3.1,134.0,Aluminum,113.12582
1,1,20.0,Urban,42.0,,0,Oil,1,0,11,Gray,Natalie,0,1,1,3,2,16.0,1.12,,Steel,173.62971
1,1,27.0,Rural,34.0,1,,Gas,0,1,12,Yellow,Roman,0,2,3,3,3,14.0,4.03,,Aluminum,149.99121
2,3,115.0,Urban,71.0,,1,Electricity,1,1,46,White,,0,3,2,2,2,6.0,2.95,,Wood,204.20415
5,1,147.0,Urban,27.0,2,0,Gas,0,1,26,White,,0,1,1,2,1,16.0,1.3,146.0,Steel,336.6885
5,1,144.0,Rural,,,0,Electricity,0,1,49,Green,Martin,0,2,2,1,2,6.0,2.53,87.0,Wood,286.85049
,,95.0,Urban,37.0,,,Electricity,0,1,40,Yellow,Daniel,0,1,1,3,2,16.0,1.36,56.4,Aluminum,149.28673
1,1,24.0,Urban,36.0,,0,Gas,1,1,39,Green,Lukas,0,1,2,3,3,6.0,2.55,,Steel,175.9338
3,3,125.0,Suburban,52.0,,0,Gas,0,1,1,Green,Natalie,0,1,3,2,3,6.0,2.75,,Steel,188.81029
1,,59.0,Urban,50.0,,0,Electricity,1,0,18,White,Stefan,0,3,1,2,2,6.0,2.23,37.2,Steel,174.77886
1,1,41.0,Suburban,,,0,Gas,0,1,39,Green,Sandra,0,2,2,2,2,16.0,1.71,42.0,Steel,118.883
2,2,70.0,Urban,51.0,,0,Electricity,1,1,3,Yellow,Stefan,0,2,1,1,3,6.0,3.31,,Wood,168.68387
,3,101.0,Suburban,34.0,2,0,Oil,1,0,49,Green,,0,2,2,3,2,16.0,2.68,,Steel,165.18466
1,1,96.0,Urban,,,0,Oil,1,1,15,Yellow,Denis,0,1,2,2,3,6.0,2.09,155.2,Aluminum,181.90686
2,2,86.0,Suburban,62.0,,,Oil,0,1,38,White,,0,2,2,2,3,6.0,3.14,136.0,Wood,128.44666
2,3,117.0,Rural,41.0,,0,Gas,0,1,23,Gray,,0,2,2,3,2,6.0,1.02,116.0,Aluminum,260.6362
2,3,120.0,Rural,34.0,,0,Electricity,0,1,8,Green,Martin,0,2,1,2,3,6.0,3.0,72.0,Steel,378.64103
2,2,120.0,Rural,40.0,,0,Electricity,0,1,3,Green,Roman,0,3,1,2,1,6.0,2.37,71.4,Aluminum,213.97397
1,,40.0,Urban,52.0,,,Oil,0,1,6,Green,Sandra,0,3,1,3,3,6.0,1.6,,Wood,159.09977
1,2,70.0,Urban,,,1,Gas,0,1,39,Gray,Maria,0,2,2,1,3,6.0,1.65,69.0,Steel,201.0415
1,1,47.0,Urban,36.0,,0,Oil,1,0,49,Green,,0,2,2,3,2,6.0,2.38,,Wood,137.29978
1,1,104.0,Urban,,2,1,Electricity,0,1,30,Green,,0,1,2,2,2,16.0,2.03,,Aluminum,141.41593
1,2,80.0,Rural,57.0,,0,Gas,1,1,9,Green,,0,2,2,2,3,6.0,3.03,,Steel,353.83271
1,1,25.0,Rural,71.0,,0,Gas,1,0,7,Yellow,Roman,0,1,2,1,2,6.0,2.85,,Steel,189.49891
1,1,35.0,Rural,52.0,,0,Gas,1,1,15,White,,0,2,2,3,3,46.0,2.73,,Steel,425.90971
1,1,59.0,Rural,69.0,,0,Gas,0,1,5,Gray,,0,2,2,2,2,6.0,1.04,57.0,Wood,206.81693
1,,26.0,Rural,50.0,,0,Electricity,0,0,0,White,,0,1,3,2,2,6.0,2.52,15.6,Aluminum,66.73551
1,1,42.0,Rural,37.0,,0,Electricity,0,0,4,White,Lukas,0,3,2,2,2,6.0,3.54,25.8,Wood,160.08991
1,1,103.0,Urban,57.0,,,Oil,1,1,1,Yellow,Theresa,0,2,3,2,1,16.0,4.6,,Aluminum,233.37753
1,,54.0,Urban,53.0,,0,Electricity,1,1,32,White,,0,1,3,1,2,6.0,1.38,,Wood,135.81925
1,2,118.0,Rural,52.0,,,Electricity,0,0,49,Gray,Theresa,0,3,3,2,3,6.0,1.74,70.8,Aluminum,177.92361
5,4,140.0,Suburban,18.0,,0,Electricity,1,1,32,Gray,Florian,0,2,3,2,3,16.0,2.36,84.6,Wood,179.91249
3,2,120.0,Rural,67.0,,0,Oil,0,0,8,Gray,,0,2,2,2,3,6.0,1.54,,Steel,395.16137
1,1,102.0,Rural,,3,0,Oil,1,0,0,Green,Florian,0,2,3,2,3,46.0,3.39,161.6,Aluminum,367.64759
1,1,73.0,Suburban,69.0,,0,Gas,0,0,26,Gray,Andreas,0,2,2,1,3,6.0,1.09,,Wood,80.46997
1,1,44.0,Suburban,42.0,2,,Gas,1,1,38,Gray,Daniel,0,2,3,2,2,16.0,2.8,,Aluminum,75.54672
2,1,132.0,Suburban,27.0,,1,Oil,1,1,31,Yellow,Stefan,0,2,3,2,2,6.0,1.98,,Steel,212.69941
3,,128.0,Suburban,29.0,,0,Electricity,0,0,17,Green,,0,3,3,2,3,6.0,2.02,76.8,Aluminum,91.6218
2,3,123.0,Suburban,38.0,,0,Electricity,1,1,21,Yellow,,0,3,3,3,2,6.0,1.2,,Aluminum,114.44502
1,1,41.0,Suburban,53.0,,1,Oil,1,1,1,White,Sabrina,0,1,3,2,1,6.0,2.96,,Aluminum,59.27714
,,39.0,Urban,19.0,,,Oil,0,1,8,White,Roman,0,3,3,1,2,6.0,3.07,60.8,Wood,158.6977
1,,45.0,Urban,47.0,,1,Oil,1,1,17,Gray,Daniel,0,3,2,2,3,6.0,1.87,,Wood,177.63342
1,1,123.0,Suburban,39.0,1,,Oil,0,0,41,White,Sandra,0,2,2,3,1,14.0,3.33,200.0,Wood,140.91121
1,1,78.0,Urban,,,,Oil,0,1,47,Green,,0,3,2,3,2,6.0,3.3,123.2,Wood,186.75384
1,2,87.0,Suburban,61.0,2,0,Electricity,1,0,9,Gray,,0,3,3,3,1,16.0,1.46,,Steel,138.39895
1,1,40.0,Urban,,,0,Electricity,0,1,20,Gray,Roman,0,2,2,2,2,14.0,2.82,,Steel,185.83721
1,,74.0,Rural,36.0,,0,Gas,0,1,3,,Sabrina,0,1,3,1,1,6.0,4.66,,Steel,304.53114
1,2,92.0,Suburban,,,,Oil,0,1,35,Yellow,,0,3,3,2,1,6.0,3.41,,Aluminum,101.59618
1,,75.0,Rural,,2,0,Oil,1,1,12,Yellow,Maria,0,2,3,2,3,16.0,2.11,118.4,Wood,345.47573
2,2,80.0,Suburban,52.0,,0,Oil,0,0,0,Yellow,Sabrina,0,2,2,2,3,6.0,4.14,,Aluminum,86.32978
1,,58.0,Urban,,,0,Oil,0,1,36,Yellow,Andreas,0,2,2,3,2,6.0,1.93,94.4,Steel,211.80228
2,2,94.0,Urban,67.0,,0,Gas,1,1,21,Green,,0,3,2,3,1,16.0,3.42,,Wood,243.03653
1,1,33.0,Rural,70.0,,,Gas,0,1,10,Green,Johanna,0,2,2,2,2,6.0,1.6,,Steel,241.17348
2,2,138.0,Suburban,52.0,,0,Electricity,1,0,43,Gray,,0,1,1,2,1,6.0,2.47,82.2,Steel,126.06172
3,1,119.0,Urban,70.0,,0,Oil,0,1,36,White,Denis,0,2,1,2,1,6.0,1.64,,Wood,244.05737
,1,53.0,Suburban,,,,Gas,0,1,21,Green,,0,2,2,3,2,6.0,2.28,53.0,Wood,87.0439
1,1,100.0,Urban,48.0,,0,Gas,0,1,4,Green,,0,2,2,2,3,6.0,3.36,,Steel,266.35565
1,,99.0,Urban,53.0,,0,Gas,0,0,24,White,Johanna,0,3,2,1,2,16.0,1.47,,Steel,229.69162
1,1,59.0,Suburban,23.0,2,,Oil,0,0,45,Green,Lukas,0,1,2,3,2,16.0,2.86,,Aluminum,74.68073
,2,91.0,Urban,58.0,,,Oil,0,1,8,White,,0,2,1,3,3,16.0,2.51,,Aluminum,214.05056
3,3,133.0,Rural,52.0,,0,Oil,0,1,31,Yellow,Sandra,0,1,3,2,3,6.0,4.74,216.0,Aluminum,352.56597
2,1,87.0,Rural,,3,,Oil,1,1,38,Gray,Theresa,0,2,3,1,1,46.0,1.2,136.0,Wood,8597.678
2,1,133.0,Urban,50.0,,0,Gas,0,0,25,Gray,Theresa,0,1,2,3,2,6.0,1.01,,Wood,198.63211
2,,77.0,Rural,29.0,,0,Gas,0,0,13,White,Roman,0,3,2,3,2,16.0,1.74,,Wood,270.93512
1,2,83.0,Suburban,68.0,,1,Gas,0,0,48,Gray,,0,1,1,3,2,6.0,2.62,83.0,Aluminum,56.91172
1,1,25.0,Rural,39.0,,1,Gas,0,0,8,Yellow,,0,3,1,3,3,6.0,2.8,24.0,Steel,212.14669
1,2,93.0,Urban,49.0,,,Electricity,1,1,29,White,,0,1,2,3,2,6.0,1.4,,Aluminum,133.05612
2,2,76.0,Rural,,,0,Electricity,1,1,26,,Theresa,0,3,2,2,2,6.0,1.85,46.2,Aluminum,163.32306
1,1,57.0,Rural,35.0,2,1,Electricity,0,1,15,Gray,Roman,0,2,3,2,2,16.0,1.52,34.8,Aluminum,176.95282
1,1,55.0,Suburban,29.0,,0,Oil,1,0,4,Yellow,,0,2,3,2,1,6.0,3.95,86.4,Wood,94.23314
3,2,111.0,Suburban,2.0,1,0,Oil,1,1,42,Gray,Laura,0,2,1,2,3,14.0,2.87,,Wood,177.11033
3,1,122.0,Suburban,51.0,,,Gas,0,1,13,Green,Sabrina,0,1,3,3,2,6.0,2.01,,Steel,177.40216
3,1,108.0,Suburban,65.0,,0,Electricity,1,0,0,White,Denis,0,2,2,3,1,6.0,3.0,,Aluminum,77.5376
1,1,57.0,Urban,35.0,,0,Gas,0,1,6,White,Daniel,0,2,2,3,2,6.0,3.25,58.0,Aluminum,111.69816
2,1,70.0,Rural,,,0,Electricity,0,1,9,White,Roman,0,2,2,1,3,6.0,3.23,,Wood,237.67733
2,2,89.0,,62.0,,1,Oil,1,1,41,White,Lukas,0,3,3,2,2,6.0,1.72,,Steel,399.92552
1,1,93.0,Urban,44.0,,,Oil,1,1,42,Gray,,0,2,2,1,2,46.0,2.96,147.2,Aluminum,267.92421
2,2,143.0,Urban,,,,Oil,1,1,41,Green,,0,3,2,1,1,6.0,2.31,232.0,Steel,344.03748
2,2,115.0,Urban,41.0,,,Gas,0,1,40,Yellow,Martin,0,3,3,3,1,6.0,1.35,114.0,Aluminum,178.71534
1,,68.0,Rural,,3,1,Electricity,0,1,7,Yellow,Florian,0,3,3,3,1,46.0,1.79,40.8,Steel,440.77934
1,,150.0,Suburban,48.0,,,Oil,0,1,6,Yellow,,0,3,1,1,1,14.0,2.74,,Aluminum,168.82725
4,1,136.0,Rural,25.0,2,1,Electricity,0,0,38,Yellow,Sabrina,0,3,2,2,2,16.0,2.12,,Steel,356.37917
1,1,36.0,Rural,60.0,2,1,Electricity,0,1,18,White,Andreas,0,1,2,3,3,16.0,3.1,21.6,Aluminum,137.6421
1,,31.0,Rural,45.0,,0,Oil,0,1,13,Green,Roman,0,3,2,2,2,6.0,2.94,49.6,Wood,194.63095
1,5,137.0,Urban,48.0,,0,Electricity,0,1,17,,,0,1,2,2,3,6.0,3.15,81.6,Wood,228.76437
1,1,105.0,Suburban,52.0,1,0,Gas,0,1,42,Gray,Natalie,0,3,1,2,2,14.0,1.19,106.0,Wood,129.33894
2,,76.0,Rural,63.0,,1,Oil,1,1,12,Yellow,Maria,0,1,2,2,2,6.0,2.16,120.0,Aluminum,220.56655
1,2,110.0,Rural,71.0,,,Electricity,0,1,1,Yellow,,0,3,1,2,2,16.0,3.29,,Aluminum,234.84885
2,2,81.0,Rural,24.0,,0,Oil,0,1,15,Green,,0,1,2,3,1,6.0,1.57,129.6,Steel,378.74259
2,2,82.0,Urban,57.0,,0,Oil,1,1,48,White,Maria,0,2,1,3,3,16.0,3.31,,Wood,245.72987
1,,95.0,Suburban,39.0,,0,Gas,0,0,39,Yellow,Daniel,0,3,2,2,3,6.0,2.38,94.0,Aluminum,76.53019
1,1,38.0,Urban,51.0,,1,Oil,0,0,3,Gray,Martin,0,1,2,3,2,6.0,2.42,,Steel,167.95248
1,2,105.0,Urban,46.0,,0,Electricity,1,0,35,White,,0,2,2,3,1,6.0,1.36,63.0,Steel,200.93416
,2,87.0,Urban,46.0,,0,Oil,0,0,31,Yellow,Florian,0,1,2,2,1,6.0,4.2,136.0,Steel,213.13728
1,,23.0,Suburban,46.0,2,0,Oil,0,1,19,Yellow,,0,3,2,3,3,16.0,2.97,,Aluminum,68.85509
2,1,128.0,Suburban,32.0,,1,Electricity,1,0,10,White,Laura,0,3,3,1,1,6.0,3.65,,Wood,113.59548
3,2,116.0,Suburban,17.0,2,0,Electricity,0,1,19,White,,0,1,2,2,1,16.0,3.47,69.6,Steel,170.72355
1,1,118.0,Rural,56.0,1,0,Electricity,1,1,38,Green,Daniel,0,3,2,2,1,14.0,1.92,,Aluminum,228.78711
3,3,111.0,Suburban,58.0,3,0,Electricity,0,1,28,Yellow,Theresa,0,1,2,2,3,46.0,1.65,66.6,Aluminum,150.25164
1,1,28.0,Rural,42.0,,,Oil,1,0,40,Yellow,Lukas,0,2,2,3,2,6.0,3.21,44.8,Wood,161.61702
3,,129.0,Rural,,2,0,Oil,0,1,26,Gray,Theresa,0,2,2,3,2,16.0,2.05,,Wood,441.43649
2,2,,Suburban,35.0,3,1,Oil,1,1,45,White,,0,3,2,2,1,46.0,3.62,102.4,Wood,175.20059
2,,76.0,Suburban,16.0,,0,Electricity,1,1,15,Gray,,0,2,2,1,2,6.0,1.84,,Wood,106.83063
,1,77.0,Rural,,,0,Electricity,0,1,19,Green,,0,3,2,2,1,6.0,2.48,,Aluminum,2728.8626
3,1,100.0,Rural,51.0,,1,Electricity,0,1,41,Yellow,Sabrina,0,2,3,1,1,6.0,3.65,61.2,Wood,241.55006
1,1,68.0,Rural,44.0,,,Electricity,0,1,16,Green,Andreas,0,2,2,2,2,6.0,1.54,,Steel,281.054
,1,25.0,Rural,59.0,,0,Oil,0,1,23,Yellow,,0,3,2,2,3,6.0,2.71,,Wood,180.73478
2,2,94.0,Rural,57.0,,0,Gas,1,1,33,Green,Theresa,0,1,2,3,2,6.0,1.8,93.0,Wood,285.25334
1,1,45.0,Rural,53.0,,0,Gas,0,1,11,Green,Sabrina,0,3,2,1,1,6.0,2.97,46.0,Aluminum,111.84633
3,2,113.0,Urban,19.0,,0,Electricity,1,0,6,Green,Stefan,0,2,2,2,3,6.0,3.42,67.2,Aluminum,149.87726
1,2,89.0,Suburban,59.0,,,Gas,0,0,41,Gray,,0,3,2,3,2,6.0,1.4,,Steel,120.2685
2,1,69.0,Urban,37.0,3,0,Electricity,0,0,19,Yellow,Johanna,0,1,2,2,2,46.0,2.69,,Aluminum,167.58911
1,1,55.0,Urban,62.0,,0,Gas,0,0,30,Green,Natalie,0,3,3,2,2,6.0,2.62,,Steel,168.8283
1,1,37.0,Urban,33.0,1,,Electricity,0,1,5,White,,0,1,1,3,2,14.0,1.34,,Aluminum,87.24781
1,,42.0,Rural,45.0,1,0,Oil,0,1,24,Yellow,,0,1,2,2,2,14.0,3.27,65.6,Steel,5911.5274
2,1,112.0,Suburban,24.0,,0,Oil,1,0,0,Yellow,Sabrina,0,2,2,2,3,6.0,2.16,,Steel,171.46803
3,1,112.0,Urban,23.0,,0,Electricity,0,1,31,White,,0,1,1,3,3,6.0,2.31,66.0,Steel,248.17958
1,1,50.0,Suburban,71.0,,0,Electricity,0,1,8,Gray,Natalie,0,1,2,1,3,6.0,2.76,30.6,Wood,73.09508
2,,87.0,Urban,23.0,,0,Oil,0,1,36,White,Natalie,0,3,2,1,2,6.0,3.22,,Wood,217.45449
2,2,62.0,Rural,40.0,,0,Oil,0,1,5,White,Maria,0,2,1,1,1,16.0,2.49,99.2,Aluminum,215.92375
1,1,49.0,Suburban,47.0,2,0,Gas,1,1,6,Yellow,Sandra,0,3,3,1,2,16.0,3.6,50.0,Steel,148.58622
1,1,66.0,Suburban,,,0,Electricity,0,1,36,White,Stefan,0,1,3,2,2,6.0,3.63,,Steel,108.4708
2,2,89.0,Urban,60.0,,0,Oil,0,1,3,Green,Johanna,0,3,2,2,3,6.0,2.11,142.4,Steel,296.13536
2,,111.0,Rural,58.0,,0,Electricity,1,1,24,Green,,0,2,3,2,2,6.0,2.83,67.2,Wood,299.62257
,,128.0,Suburban,38.0,1,0,Oil,0,0,6,White,Daniel,0,2,2,2,3,14.0,2.66,,Aluminum,137.88959
2,4,148.0,Rural,6.0,,,Gas,0,0,50,Green,Florian,0,3,2,3,2,6.0,1.7,149.0,Aluminum,269.37805
,2,144.0,Urban,49.0,,0,Gas,0,0,19,Green,Florian,0,3,3,2,3,6.0,1.73,,Wood,238.1056
2,3,149.0,Suburban,27.0,2,1,Electricity,0,1,50,Gray,Theresa,0,2,3,3,1,16.0,3.06,88.8,Aluminum,126.39993
1,1,52.0,Rural,58.0,2,,Oil,1,1,29,Green,Lukas,0,2,2,1,1,16.0,2.38,80.0,Wood,255.80804
2,,90.0,Suburban,33.0,,1,Gas,1,1,34,Yellow,,0,1,3,2,3,6.0,3.55,91.0,Steel,158.05775
1,1,47.0,Urban,45.0,2,,Oil,0,1,30,White,,0,2,2,1,2,16.0,3.62,72.0,Wood,172.38738
2,2,128.0,Rural,,2,1,Electricity,0,1,27,Yellow,Natalie,0,3,2,3,3,16.0,1.61,76.8,Steel,414.28911
1,3,133.0,Suburban,49.0,1,0,Electricity,1,1,1,Yellow,Daniel,0,1,3,2,3,14.0,4.26,78.0,Wood,156.55056
1,,81.0,Rural,55.0,3,0,Oil,1,0,46,Gray,,0,3,3,3,2,46.0,1.58,129.6,Steel,427.8054
1,1,44.0,Suburban,42.0,,0,Electricity,1,1,44,Yellow,Andreas,0,3,2,1,2,16.0,2.18,27.0,Aluminum,66.78342
1,,87.0,Urban,69.0,,1,Gas,1,0,40,White,Martin,0,3,1,3,2,16.0,3.8,87.0,Steel,222.32066
1,1,29.0,Urban,17.0,1,,Electricity,1,1,19,Yellow,Theresa,0,2,2,2,2,14.0,4.2,17.4,Steel,204.59202
3,1,133.0,Rural,53.0,1,0,Oil,0,1,9,Green,,0,1,1,3,2,14.0,2.57,212.8,Steel,512.12759
1,,43.0,Urban,45.0,2,0,Gas,0,0,33,Gray,Stefan,0,3,3,3,2,16.0,2.92,43.0,Wood,147.2703
1,1,40.0,Suburban,40.0,,1,Oil,1,1,19,White,Andreas,0,2,3,3,1,16.0,2.68,60.8,Aluminum,83.36476
3,,101.0,Rural,,,1,Electricity,0,1,29,,,0,2,2,2,3,6.0,2.42,61.2,Aluminum,186.01169
1,2,98.0,Rural,57.0,1,0,Gas,0,1,12,White,Laura,0,3,3,2,3,14.0,2.55,,Steel,408.79793
,1,25.0,Urban,42.0,,0,Oil,0,1,0,Green,Laura,0,2,2,3,3,6.0,2.38,41.6,Wood,142.08871
2,,81.0,Rural,16.0,,1,Electricity,0,1,17,Green,Lukas,0,1,2,2,2,14.0,3.1,,Wood,273.90897
1,1,30.0,Rural,59.0,,0,Electricity,1,0,26,Gray,,0,2,2,3,3,6.0,2.06,,Aluminum,93.03821
4,5,143.0,Urban,43.0,,1,Oil,0,1,40,White,Denis,0,2,2,3,2,6.0,3.42,,Steel,374.25012
2,4,130.0,Suburban,60.0,,0,Oil,1,1,9,White,Sabrina,0,1,2,1,1,16.0,3.73,,Steel,227.95583
1,2,70.0,Urban,48.0,1,1,Oil,0,0,5,Green,Martin,0,2,3,1,2,14.0,2.2,110.4,Wood,183.28112
1,2,60.0,Suburban,64.0,3,0,Oil,0,1,13,Yellow,Theresa,0,2,3,1,3,46.0,3.6,97.6,Steel,204.95697
3,3,139.0,Suburban,51.0,,0,Electricity,0,1,23,White,,0,3,2,2,2,6.0,3.57,,Steel,171.29398
1,,48.0,Suburban,48.0,,,Oil,1,1,6,Gray,Johanna,0,2,2,3,1,6.0,1.55,,Steel,135.02951
1,1,118.0,Urban,47.0,2,,Oil,1,1,46,Green,Sabrina,0,2,3,2,3,16.0,2.91,,Wood,296.38104
1,1,35.0,Urban,53.0,1,1,Oil,1,1,4,Yellow,,0,3,2,1,2,14.0,1.37,,Wood,171.5354
2,2,66.0,Suburban,,3,,Oil,1,1,23,White,Natalie,0,2,3,3,2,46.0,2.0,105.6,Aluminum,152.6429
1,1,,Urban,64.0,,0,Oil,0,1,12,Green,Florian,0,2,2,2,2,6.0,1.63,84.8,Wood,161.22875
1,2,69.0,Suburban,50.0,,0,Electricity,0,1,18,Green,,0,3,2,2,1,6.0,3.07,41.4,Wood,91.34446
1,1,56.0,Suburban,58.0,,0,Oil,1,1,43,Gray,Martin,0,3,2,2,2,6.0,2.47,88.0,Aluminum,73.86767
3,,107.0,,39.0,3,,Oil,0,0,11,Green,,0,2,1,2,1,46.0,3.28,169.6,Wood,411.72817
2,2,103.0,Suburban,,2,0,Oil,0,0,25,Green,Johanna,0,2,2,2,3,16.0,1.87,,Wood,135.91764
4,3,146.0,Rural,40.0,,0,Electricity,1,1,22,White,Martin,0,1,2,1,3,6.0,3.89,,Steel,420.10433
2,2,88.0,Suburban,41.0,,0,Gas,0,0,1,Gray,,0,3,2,3,1,6.0,2.86,88.0,Wood,105.10886
5,5,148.0,Rural,42.0,2,,Oil,0,1,44,Green,,0,2,2,2,1,16.0,1.65,235.2,Steel,558.00263
1,1,27.0,Suburban,16.0,2,,Oil,1,1,36,Green,,0,3,3,2,2,16.0,2.52,41.6,Steel,137.84253
1,1,29.0,Urban,43.0,1,0,Gas,0,1,40,Green,Denis,0,2,2,3,3,14.0,3.28,29.0,Wood,145.48298
1,,77.0,Rural,40.0,,,Electricity,0,1,40,White,Florian,0,3,3,1,3,6.0,3.23,46.8,Steel,298.24837
1,,120.0,Suburban,31.0,,0,Oil,1,0,28,Gray,Andreas,0,2,1,3,1,16.0,1.35,,Wood,152.20193
2,1,81.0,Urban,39.0,2,0,Oil,0,1,45,Yellow,Sabrina,0,2,2,2,3,16.0,3.02,129.6,Aluminum,186.62679
1,1,38.0,,50.0,,1,Oil,1,1,49,,Roman,0,3,2,3,3,16.0,3.69,,Wood,187.1429
1,3,99.0,Suburban,57.0,,1,Electricity,0,0,39,Gray,Maria,0,3,3,2,1,6.0,1.37,60.0,Wood,90.71279
1,1,26.0,Rural,36.0,1,0,Gas,0,0,42,Yellow,Denis,0,1,2,2,2,14.0,3.85,,Aluminum,89.84735
1,1,32.0,Urban,43.0,2,0,Oil,0,0,6,Green,,0,2,2,1,1,16.0,3.13,52.8,Wood,131.3601
1,2,67.0,Suburban,30.0,,0,Gas,0,1,46,White,,0,2,3,2,2,6.0,2.69,68.0,Wood,101.43005
2,,118.0,Urban,33.0,2,,Gas,0,1,5,Yellow,Lukas,0,3,2,3,2,16.0,4.62,116.0,Steel,329.73993
2,2,92.0,Urban,33.0,,0,Oil,0,1,31,White,Stefan,0,2,1,2,2,6.0,1.88,148.8,Steel,277.38795
1,1,23.0,Suburban,49.0,,0,Oil,1,0,5,Yellow,Andreas,0,2,3,1,1,6.0,4.41,,Steel,92.13565
2,1,86.0,Urban,54.0,,0,Gas,0,0,32,Gray,Johanna,0,2,3,3,2,6.0,3.07,87.0,Wood,161.41243
1,1,47.0,Suburban,46.0,,,Oil,0,0,6,,Florian,0,1,3,3,3,6.0,3.28,75.2,Aluminum,58.92995
,2,71.0,Urban,36.0,,0,Gas,1,1,1,Green,Natalie,0,2,2,3,2,46.0,1.78,73.0,Wood,309.18281
1,1,39.0,Rural,29.0,,,Electricity,1,0,13,Gray,,0,2,1,2,3,6.0,1.23,23.4,Aluminum,101.21863
1,1,47.0,Rural,,,1,Oil,0,1,8,Gray,Johanna,0,3,2,3,2,6.0,2.6,,Wood,226.44758
3,3,135.0,Rural,50.0,,0,Electricity,0,0,25,Yellow,Andreas,0,2,1,3,1,6.0,4.82,81.6,Aluminum,196.23115
1,1,56.0,Urban,,,,Electricity,0,1,40,Green,Martin,0,3,3,2,2,6.0,1.57,,Wood,141.19427
,2,111.0,Urban,67.0,,0,Oil,0,1,39,Yellow,Sandra,0,2,2,2,2,6.0,3.12,,Steel,287.80215
5,1,147.0,Urban,45.0,,,Gas,0,1,6,Gray,Maria,0,2,2,3,3,6.0,1.57,,Wood,291.25267
1,,99.0,Rural,,,0,Oil,0,1,10,Yellow,,0,1,2,2,2,14.0,2.01,,Aluminum,276.61132
3,5,140.0,Rural,37.0,,1,Oil,0,1,29,White,Lukas,0,2,3,3,2,6.0,3.65,220.8,Steel,528.74636
1,1,70.0,Urban,34.0,,,Electricity,0,1,4,Gray,,0,3,3,1,2,6.0,1.1,41.4,Steel,215.49704
2,1,108.0,Urban,,2,0,Electricity,1,1,7,White,Daniel,0,2,1,3,3,16.0,1.52,,Steel,282.30084
1,,57.0,Rural,52.0,,,Gas,0,1,6,White,Daniel,0,3,2,3,2,6.0,3.38,,Wood,232.06578
3,1,135.0,Rural,34.0,,0,Gas,1,0,10,Gray,Stefan,0,2,2,2,2,6.0,1.3,138.0,Aluminum,257.51668
1,1,39.0,Urban,30.0,,,Oil,0,1,24,White,,0,3,1,1,2,6.0,3.82,,Steel,193.48875
1,,68.0,Rural,33.0,,0,Electricity,0,1,37,White,Florian,0,3,1,3,3,6.0,3.34,,Aluminum,157.13444
2,2,79.0,Suburban,55.0,2,0,Gas,1,1,17,Yellow,,0,2,3,2,1,16.0,4.74,,Wood,135.98306
2,,116.0,Rural,71.0,,,Oil,0,1,36,Gray,,0,3,2,1,3,6.0,1.42,,Steel,430.58772
1,1,26.0,Suburban,,,1,Electricity,1,1,9,White,Daniel,0,3,1,3,2,6.0,1.87,15.0,Steel,102.9578
2,2,94.0,Suburban,71.0,2,0,Electricity,0,1,24,Gray,Roman,0,1,2,1,3,16.0,2.13,,Steel,148.14787
1,1,44.0,Suburban,,,0,Electricity,1,1,31,Yellow,,0,3,2,1,2,6.0,3.63,26.4,Wood,73.78506
1,,58.0,Suburban,48.0,,0,Electricity,1,1,18,Yellow,Stefan,0,3,3,2,3,6.0,3.2,,Steel,131.92244
4,1,132.0,Suburban,69.0,,0,Electricity,0,1,38,Green,Natalie,0,3,2,3,2,46.0,3.08,,Aluminum,159.75682
1,3,117.0,Rural,43.0,,1,Electricity,0,1,19,Green,Daniel,0,3,3,2,2,6.0,1.83,,Wood,301.54461
3,4,140.0,Suburban,46.0,,,Oil,0,1,21,Green,Florian,0,2,2,2,2,6.0,3.32,,Aluminum,159.55393
1,,97.0,Urban,59.0,,0,Oil,0,1,19,Green,Natalie,0,3,1,2,2,16.0,2.71,,Aluminum,209.50626
4,,132.0,Rural,19.0,,0,Electricity,1,0,20,Gray,Andreas,0,1,1,3,2,6.0,2.17,,Aluminum,232.61816
1,1,21.0,Suburban,59.0,,1,Electricity,0,0,24,White,,0,2,2,3,1,6.0,3.58,12.6,Aluminum,24.1463
2,1,81.0,Rural,40.0,3,0,Oil,1,1,42,Gray,,0,1,3,2,2,46.0,1.66,129.6,Wood,437.87888
3,,118.0,Rural,38.0,,,Gas,1,0,12,Yellow,Laura,0,2,1,2,3,6.0,2.98,,Wood,290.10207
1,2,87.0,Suburban,49.0,,0,Gas,1,1,46,Gray,Lukas,0,1,2,2,1,6.0,2.15,,Aluminum,77.75157
1,,26.0,Suburban,50.0,,,Electricity,0,1,31,Yellow,Sabrina,0,1,3,2,1,6.0,4.11,15.0,Aluminum,28.88098
1,3,119.0,Rural,23.0,,0,Oil,1,1,28,Gray,Johanna,0,2,2,2,2,6.0,1.54,190.4,Steel,471.76136
,1,101.0,Rural,21.0,,1,Electricity,0,1,13,Yellow,Theresa,0,2,2,3,2,6.0,3.41,,Aluminum,204.96154
1,,88.0,Rural,59.0,,,Gas,0,1,41,White,Stefan,0,2,2,2,2,6.0,1.4,,Steel,311.5711
5,4,145.0,Urban,59.0,2,0,Oil,0,1,28,,Sabrina,0,1,1,2,1,16.0,1.44,235.2,Aluminum,288.94839
1,,43.0,Rural,27.0,3,0,Gas,1,1,19,Yellow,Stefan,0,2,3,3,2,46.0,2.7,,Wood,371.75419
1,1,39.0,Urban,20.0,,,Gas,0,0,34,Gray,Maria,0,2,2,2,2,6.0,3.09,,Wood,110.07285
1,,48.0,Urban,,,0,Electricity,0,1,31,White,,0,3,1,1,1,16.0,2.59,28.8,Steel,182.6915
4,,150.0,Urban,21.0,2,0,Electricity,1,1,0,Gray,,0,2,3,1,2,16.0,2.37,,Steel,355.05239
1,1,90.0,Rural,50.0,,,Oil,0,1,1,Green,,0,3,2,2,2,6.0,2.19,142.4,Wood,323.8708
3,5,140.0,Urban,69.0,2,0,Oil,0,0,24,White,Laura,0,1,2,3,2,16.0,1.66,,Wood,284.56
1,1,27.0,Suburban,70.0,,0,Electricity,1,1,17,White,Lukas,0,2,2,2,2,6.0,1.97,16.2,Aluminum,37.39334
1,1,93.0,Urban,,,,Gas,1,1,31,Yellow,Sandra,0,2,2,3,2,16.0,4.16,,Aluminum,172.54066
1,1,34.0,Urban,65.0,2,0,Electricity,1,1,22,Yellow,Daniel,0,1,1,2,2,16.0,1.46,21.0,Wood,140.61781
2,1,77.0,Suburban,53.0,,1,Oil,0,1,13,White,,0,2,3,2,2,6.0,1.32,,Wood,126.02625
1,1,72.0,Suburban,24.0,,0,Oil,1,1,39,Gray,Natalie,0,3,2,2,2,14.0,2.43,,Steel,165.28541
1,2,,Urban,60.0,2,0,Gas,1,0,31,Gray,,0,2,2,2,2,16.0,1.17,,Wood,190.01829
1,,59.0,Suburban,57.0,2,1,Oil,1,1,23,White,,0,1,2,1,3,16.0,3.16,94.4,Steel,153.53216
1,2,72.0,Urban,42.0,,,Electricity,0,0,49,Yellow,,0,3,3,2,3,16.0,2.16,,Aluminum,118.58148
1,,105.0,Urban,51.0,,0,Gas,1,1,21,Gray,Theresa,0,3,3,3,3,6.0,1.17,105.0,Steel,289.51353
3,2,109.0,Rural,54.0,,0,Oil,0,1,42,,,0,2,2,3,3,16.0,3.06,176.0,Wood,403.71974
2,1,68.0,Rural,,,1,Oil,0,1,19,Gray,Andreas,0,2,2,2,3,6.0,2.45,108.8,Wood,262.73785
2,1,119.0,Suburban,32.0,,0,Electricity,0,0,13,Gray,,0,3,3,3,2,6.0,2.92,70.8,Aluminum,84.84934
1,1,34.0,Rural,,,0,Electricity,0,0,14,Green,Stefan,0,3,2,2,2,6.0,3.29,19.2,Steel,192.34024
1,1,72.0,Urban,21.0,,0,Electricity,0,0,18,White,Natalie,0,2,2,2,3,6.0,1.81,,Wood,137.5097
5,2,131.0,Urban,70.0,3,0,Gas,1,1,9,White,,0,1,2,2,2,46.0,3.77,131.0,Aluminum,316.84415
1,1,47.0,Urban,24.0,,,Oil,0,0,23,Gray,Denis,0,2,2,2,3,6.0,2.5,73.6,Wood,136.81774
1,1,57.0,Suburban,19.0,,0,Electricity,1,0,34,Gray,Johanna,0,1,2,1,2,6.0,2.07,,Steel,95.61331
2,,149.0,Rural,67.0,,1,Electricity,0,0,36,Green,Daniel,0,3,2,3,2,6.0,2.62,88.8,Wood,260.34742
2,1,133.0,Rural,47.0,,0,Gas,0,1,35,Yellow,,0,2,3,2,3,6.0,3.09,133.0,Aluminum,273.45159
3,3,111.0,Suburban,50.0,2,,Electricity,0,0,31,Green,Andreas,0,2,2,3,2,16.0,2.07,65.4,Wood,116.4722
,1,63.0,Urban,29.0,,0,Oil,1,0,20,Yellow,Roman,0,2,2,2,3,6.0,3.21,,Steel,211.86289
1,,60.0,Urban,54.0,2,,Oil,0,1,38,Yellow,Florian,0,2,3,1,2,16.0,2.64,,Steel,249.05073
1,1,98.0,Rural,43.0,,0,Gas,1,1,29,Green,Sabrina,0,2,2,2,3,6.0,2.83,,Aluminum,223.03217
1,2,97.0,Rural,8.0,,0,Gas,1,1,23,Green,Johanna,0,2,2,2,2,6.0,2.62,97.0,Steel,382.24794
2,,119.0,Suburban,18.0,,1,Gas,0,1,23,Green,Daniel,0,2,2,3,1,6.0,3.24,118.0,Wood,144.72522
1,1,64.0,Rural,50.0,,,Oil,0,1,19,White,Martin,0,2,2,1,3,6.0,3.74,104.0,Wood,253.81632
2,1,72.0,Suburban,,,0,Gas,0,1,12,Green,Lukas,0,2,2,2,3,6.0,1.89,73.0,Wood,103.08882
1,2,125.0,Rural,,,0,Electricity,0,1,19,Gray,Florian,0,2,3,2,2,6.0,3.09,,Wood,5636.4418000000005
1,4,149.0,Urban,35.0,,0,Gas,0,1,10,Yellow,Lukas,0,2,2,2,2,6.0,1.84,147.0,Aluminum,223.77209
1,1,29.0,Suburban,,3,,Oil,0,1,29,Yellow,Maria,0,3,2,1,3,46.0,2.55,46.4,Aluminum,103.70359
1,3,116.0,Suburban,62.0,,0,Gas,0,1,27,Yellow,,0,2,2,2,3,14.0,3.25,,Steel,177.45739
2,2,74.0,Rural,26.0,,0,Oil,1,1,18,Gray,Lukas,0,3,2,3,1,6.0,1.51,120.0,Aluminum,249.54493
2,,61.0,Suburban,24.0,,0,Gas,1,0,46,Green,,0,2,2,1,3,6.0,1.93,61.0,Aluminum,61.58074
1,2,109.0,Suburban,28.0,,1,Electricity,0,1,0,White,Martin,0,2,2,2,1,6.0,1.44,,Aluminum,85.64588
2,2,60.0,Suburban,53.0,1,,Electricity,0,1,3,Gray,Daniel,0,2,1,1,3,14.0,1.63,,Wood,100.72973
2,1,125.0,Rural,,1,0,Electricity,1,0,22,Green,Sandra,0,2,3,2,2,14.0,2.73,74.4,Steel,330.32856
3,3,106.0,Rural,,,,Gas,0,0,48,Yellow,,0,1,2,1,3,6.0,1.62,106.0,Steel,285.97321
1,3,133.0,Urban,69.0,,0,Gas,0,0,41,Yellow,Denis,0,2,3,2,2,6.0,2.03,,Wood,196.39321
1,,39.0,Urban,38.0,2,1,Oil,0,1,46,,Johanna,0,1,3,3,2,16.0,2.43,,Wood,171.49159
1,1,38.0,Rural,47.0,,1,Oil,1,1,23,Gray,Daniel,0,3,2,2,2,6.0,2.09,60.8,Aluminum,148.98223
2,1,81.0,Suburban,36.0,,1,Gas,1,0,45,White,,0,3,1,2,3,6.0,2.4,81.0,Aluminum,71.56734
1,1,36.0,Urban,,,0,Gas,1,1,38,White,,0,2,1,2,2,6.0,2.07,35.0,Steel,167.49053
2,3,114.0,Suburban,62.0,1,,Electricity,1,1,34,Gray,,0,2,2,2,2,14.0,1.83,,Steel,165.28433
2,,114.0,Suburban,54.0,3,1,Gas,1,0,41,,Natalie,0,2,2,1,2,46.0,1.06,,Wood,160.03556
1,1,28.0,Rural,52.0,,1,Gas,0,1,4,Green,,0,3,1,1,2,14.0,2.04,,Aluminum,112.96806
1,1,113.0,Suburban,59.0,,0,Electricity,1,1,33,Green,,0,2,1,2,2,46.0,1.94,67.2,Aluminum,141.09064
2,1,79.0,,,,0,Oil,0,1,40,Yellow,Laura,0,2,2,3,3,6.0,4.48,,Steel,151.77749
1,2,,Urban,60.0,2,1,Oil,1,1,17,Yellow,,0,1,3,2,2,16.0,4.59,144.0,Steel,315.76858
1,4,139.0,Suburban,13.0,,0,Gas,0,1,14,Yellow,Martin,0,2,1,3,3,6.0,3.35,139.0,Wood,166.27914
3,,117.0,Rural,68.0,,0,Electricity,0,1,30,Green,Florian,0,2,2,2,2,6.0,3.24,70.2,Steel,351.71071
2,1,93.0,Suburban,56.0,,1,Electricity,1,1,41,Green,,0,3,2,2,3,16.0,2.33,,Steel,157.44352
3,3,101.0,Urban,52.0,2,1,Electricity,1,0,41,Green,Andreas,0,1,2,2,2,16.0,1.9,60.0,Wood,182.81007
5,5,131.0,Rural,60.0,,0,Oil,1,0,23,Yellow,Sandra,0,1,3,3,3,6.0,3.23,,Steel,450.22356
1,1,55.0,Suburban,17.0,2,0,Electricity,0,1,3,Green,Maria,0,2,2,2,1,16.0,2.57,33.6,Wood,104.53298
,,45.0,Suburban,35.0,,0,Oil,0,0,19,,,0,2,3,3,2,6.0,2.13,,Steel,108.79625
3,3,107.0,Rural,41.0,,1,Oil,1,0,23,White,Denis,0,1,3,3,2,6.0,1.98,171.2,Steel,386.94185
1,1,42.0,Urban,46.0,2,,Oil,0,1,33,Yellow,,0,2,2,2,1,16.0,4.17,65.6,Aluminum,115.5074
1,1,23.0,Rural,,,0,Electricity,0,0,18,White,Natalie,0,2,2,3,3,16.0,1.42,,Aluminum,94.79546
1,,60.0,Rural,64.0,,0,Oil,0,1,23,Gray,,0,2,2,3,3,6.0,2.58,92.8,Wood,247.80235
1,3,128.0,Rural,53.0,,1,Oil,0,1,28,Yellow,Martin,0,2,2,1,1,6.0,2.86,,Aluminum,305.45048
1,3,122.0,Urban,66.0,,0,Electricity,0,0,29,Green,,0,3,3,1,1,46.0,1.7,73.2,Aluminum,206.82483
,1,37.0,Suburban,39.0,2,1,Electricity,0,1,22,Yellow,,0,2,2,2,2,16.0,2.05,22.8,Aluminum,59.86132
1,,116.0,Urban,,,0,Oil,0,1,43,Yellow,,0,2,2,2,2,6.0,2.91,,Aluminum,215.8349
2,2,119.0,Rural,,,0,Gas,1,0,33,,Denis,0,2,1,3,2,6.0,2.0,,Steel,321.70492
2,1,111.0,Urban,33.0,2,,Gas,0,1,20,Yellow,,0,3,2,2,3,16.0,3.15,,Steel,314.19133
2,,144.0,Rural,39.0,,,Gas,1,1,30,,Roman,0,3,2,2,3,6.0,3.04,145.0,Aluminum,321.92244
1,,45.0,Rural,,,0,Oil,0,1,37,Gray,Daniel,0,2,2,2,1,6.0,2.28,,Wood,179.62239
1,1,43.0,Suburban,43.0,,0,Gas,0,1,4,Gray,Natalie,0,2,1,2,2,6.0,1.9,43.0,Steel,112.28702
1,,41.0,Suburban,51.0,,0,Electricity,0,1,7,Yellow,,0,3,3,3,3,6.0,1.8,24.0,Wood,87.9964
4,,150.0,Rural,,,0,Oil,0,1,42,Gray,Roman,0,3,2,2,3,6.0,2.06,238.4,Wood,432.95613
2,2,59.0,Rural,15.0,,0,Oil,0,1,12,White,Daniel,0,2,3,3,3,46.0,1.53,,Wood,446.39115
,5,149.0,Suburban,48.0,,0,Gas,1,1,15,Green,Andreas,0,2,1,3,3,6.0,2.65,,Aluminum,144.7133
1,,57.0,Suburban,52.0,1,,Gas,1,1,42,,Martin,0,2,1,1,3,14.0,2.41,,Aluminum,70.56903
1,1,40.0,Suburban,25.0,,,Oil,0,1,6,Yellow,Lukas,0,2,3,3,3,6.0,4.96,65.6,Steel,136.72543
1,1,64.0,Rural,41.0,,1,Oil,0,1,39,Gray,Lukas,0,2,2,2,2,14.0,2.85,-356.0,Steel,340.72189
1,1,38.0,Suburban,42.0,,0,Oil,0,1,23,Yellow,,0,2,2,1,1,14.0,4.26,60.8,Aluminum,59.6759
2,2,92.0,Rural,46.0,2,,Oil,0,1,15,White,Daniel,0,3,2,1,2,16.0,1.55,145.6,Steel,440.39703
4,,139.0,Urban,62.0,2,0,Gas,0,1,50,Green,Denis,0,2,2,2,2,16.0,2.04,137.0,Wood,273.13105
,,124.0,Rural,45.0,,,Oil,0,1,50,Yellow,Maria,0,1,3,1,2,6.0,2.2,,Steel,426.39407
2,1,88.0,Suburban,23.0,,0,Electricity,1,1,5,White,Natalie,0,2,2,1,1,6.0,1.92,51.6,Steel,140.27035
1,1,119.0,Suburban,30.0,3,,Oil,0,0,45,Yellow,,0,3,2,3,2,46.0,3.39,190.4,Steel,206.05195
2,,70.0,Urban,66.0,3,0,Electricity,1,1,17,Yellow,Stefan,0,2,3,3,3,46.0,4.28,,Aluminum,235.91967
2,2,73.0,Rural,49.0,,0,Oil,0,0,26,Yellow,,0,3,1,2,2,6.0,4.8,,Steel,296.36605
5,,142.0,Urban,30.0,,,Oil,0,1,27,White,Natalie,0,2,2,3,3,6.0,2.3,,Wood,334.10207
2,1,91.0,Urban,58.0,,1,Electricity,1,1,21,Green,,0,2,2,2,1,6.0,3.19,,Wood,174.75451
,5,140.0,Urban,57.0,2,,Oil,1,0,16,,,0,3,2,2,1,16.0,2.73,225.6,Steel,351.20087
1,1,59.0,Rural,19.0,,0,Oil,1,0,27,Green,,0,3,3,2,3,46.0,2.53,,Wood,356.92534
2,3,119.0,Suburban,61.0,,,Gas,0,1,14,White,Johanna,0,3,1,2,2,6.0,1.93,118.0,Aluminum,108.05531
1,2,59.0,Rural,10.0,,1,Electricity,0,1,45,Yellow,,0,2,3,3,1,6.0,1.59,36.0,Steel,282.70442
3,3,125.0,Rural,41.0,,,Oil,1,1,46,Green,,0,3,3,2,2,6.0,3.4,201.6,Wood,419.36075
1,1,58.0,Suburban,18.0,,0,Electricity,0,1,1,Green,Daniel,0,2,1,3,1,6.0,3.31,34.8,Wood,1746.0102000000002
1,1,29.0,Suburban,,1,0,Oil,0,1,38,White,Daniel,0,3,3,1,2,14.0,2.94,48.0,Aluminum,55.09377
4,4,148.0,Rural,,2,0,Oil,0,0,38,Green,Theresa,0,2,2,2,1,16.0,3.26,,Steel,449.47079
1,,95.0,Suburban,35.0,,0,Electricity,1,1,33,Green,,0,2,2,3,3,16.0,2.05,,Wood,131.99958
2,2,95.0,Urban,63.0,,0,Electricity,1,1,22,Green,Stefan,0,3,1,3,3,6.0,3.07,,Steel,251.4986
2,1,68.0,Urban,25.0,2,0,Oil,0,1,25,Gray,Johanna,0,2,2,3,2,16.0,2.87,108.8,Aluminum,179.10041
2,3,125.0,Suburban,13.0,3,0,Oil,0,0,43,Green,Florian,0,1,3,2,2,46.0,3.1,,Wood,190.89413
2,1,61.0,Suburban,53.0,,0,Gas,0,1,3,Yellow,Laura,0,2,1,1,3,6.0,2.5,61.0,Wood,94.32593
3,3,101.0,Urban,52.0,2,0,Electricity,1,1,26,Yellow,Sandra,0,3,2,3,2,16.0,1.91,,Aluminum,195.01056
1,1,45.0,Suburban,68.0,2,1,Oil,1,0,16,White,Daniel,0,2,2,2,1,16.0,3.33,72.0,Steel,117.54738
2,1,91.0,Suburban,21.0,,,Gas,1,1,30,Gray,,0,2,2,3,2,6.0,1.63,,Aluminum,98.67955
,4,135.0,Suburban,49.0,2,0,Gas,0,1,17,Green,Daniel,0,2,2,2,3,16.0,3.1,,Wood,180.02624
,5,142.0,Rural,35.0,,0,Gas,0,0,46,White,,0,3,2,2,2,46.0,3.69,,Aluminum,366.2329
4,4,133.0,Rural,,,0,Gas,0,0,45,White,Denis,0,1,3,2,3,6.0,3.66,,Wood,291.84608
2,1,65.0,Rural,24.0,,,Oil,0,0,20,Green,Laura,0,3,2,3,1,6.0,2.74,,Wood,235.64261
2,2,66.0,Rural,53.0,3,0,Gas,0,1,19,Yellow,Roman,0,2,2,2,3,46.0,4.52,,Aluminum,314.98402
1,1,98.0,Rural,61.0,,0,Oil,0,1,24,Gray,,0,2,1,2,1,6.0,2.32,,Aluminum,225.40154
1,1,49.0,Rural,,,0,Electricity,1,1,37,Gray,Sabrina,0,1,1,1,2,6.0,1.83,,Aluminum,89.20655
1,1,31.0,Rural,58.0,2,0,Oil,0,1,44,White,Denis,0,2,2,1,3,16.0,2.51,46.4,Aluminum,135.97201
4,4,129.0,Rural,37.0,1,1,Gas,0,1,33,,Sandra,0,3,2,3,3,14.0,2.3,130.0,Aluminum,342.50873
1,1,38.0,Urban,31.0,,0,Oil,1,1,3,Green,Maria,0,1,2,2,3,6.0,2.0,62.4,Wood,163.99051
1,1,25.0,Rural,61.0,,0,Electricity,0,1,43,Green,,0,3,1,1,2,6.0,2.8,,Wood,132.44417
1,1,43.0,Urban,,1,0,Electricity,1,1,31,,,0,2,3,3,1,14.0,3.23,,Steel,201.02968
1,1,54.0,Suburban,13.0,2,0,Electricity,0,0,19,White,Lukas,0,2,3,3,3,16.0,2.28,6991.0,Wood,96.35763
1,,98.0,Urban,56.0,1,0,Electricity,0,1,15,Yellow,,0,2,3,2,1,14.0,4.66,58.2,Wood,198.23561
1,1,53.0,Urban,67.0,,0,Gas,1,1,15,Gray,Maria,0,3,3,3,2,6.0,2.33,52.0,Aluminum,116.57241
1,1,42.0,Suburban,61.0,,,Oil,1,1,22,Yellow,,0,3,2,3,2,6.0,4.83,,Wood,98.52152
3,3,112.0,Rural,42.0,,,Electricity,0,1,9,Gray,Andreas,0,2,2,1,2,6.0,1.95,67.2,Aluminum,215.00881
3,2,124.0,Suburban,,,0,Oil,1,1,19,Yellow,Stefan,0,2,3,2,2,6.0,4.47,198.4,Steel,207.93891
1,3,119.0,Rural,32.0,,0,Electricity,0,1,2,White,,0,2,3,2,2,6.0,1.41,71.4,Wood,309.76046
,,115.0,Urban,12.0,,0,Electricity,0,1,33,,Johanna,0,2,2,3,2,14.0,1.89,,Steel,284.75563
1,1,49.0,Urban,45.0,,,Oil,0,1,1,Gray,,0,3,2,2,2,16.0,1.47,,Steel,253.43964
1,1,28.0,Urban,53.0,,0,Oil,0,0,37,Green,Maria,0,1,2,3,2,6.0,2.49,48.0,Steel,144.2613
1,,34.0,Suburban,58.0,,0,Oil,0,0,36,Gray,Maria,0,3,2,1,2,6.0,2.94,52.8,Aluminum,37.92018
2,1,104.0,Rural,55.0,,,Oil,0,0,45,Gray,Sandra,0,2,3,3,2,14.0,2.94,,Aluminum,244.74233
2,2,70.0,Rural,43.0,2,1,Electricity,0,1,19,Yellow,,0,1,1,3,3,16.0,2.82,,Steel,6735.545
1,,59.0,Urban,32.0,,0,Gas,0,1,25,White,Laura,0,2,2,2,2,6.0,2.85,,Steel,206.10447
2,2,73.0,Urban,50.0,,0,Electricity,1,0,18,Gray,Stefan,0,1,3,3,2,14.0,2.48,43.8,Steel,4177.756
1,1,105.0,Rural,,3,1,Oil,1,0,34,Gray,Denis,0,1,2,1,2,46.0,1.86,166.4,Aluminum,319.21529
3,,146.0,Urban,32.0,,1,Gas,0,1,14,White,,0,1,2,2,2,6.0,3.02,,Wood,272.90942
2,1,78.0,Suburban,23.0,,0,Gas,0,1,8,Yellow,,0,2,2,1,2,6.0,2.45,,Wood,111.7493
,2,65.0,Rural,,,0,Electricity,1,1,47,White,Roman,0,2,2,3,2,6.0,1.65,38.4,Aluminum,138.75448
1,1,48.0,Rural,19.0,,0,Oil,0,1,4,,,0,2,1,2,2,16.0,1.59,72.0,Aluminum,191.10104
2,3,102.0,Suburban,60.0,,0,Oil,0,0,9,Gray,Daniel,0,2,2,1,3,6.0,1.59,,Aluminum,99.84691
1,2,72.0,Urban,59.0,,0,Electricity,0,1,5,White,Daniel,0,2,1,1,2,46.0,1.47,,Steel,305.63025
1,1,40.0,Urban,,,0,Oil,0,0,46,Yellow,Johanna,0,2,1,1,3,6.0,4.03,,Aluminum,70.63917
2,,100.0,Urban,17.0,,1,Electricity,0,1,11,Gray,,0,2,3,2,2,6.0,2.84,,Aluminum,151.72641
1,1,51.0,Rural,26.0,3,0,Electricity,0,0,12,Green,Denis,0,3,1,2,2,46.0,1.91,30.0,Steel,346.10895
1,,33.0,Suburban,61.0,2,1,Gas,1,1,44,Yellow,Sabrina,0,1,3,3,2,16.0,2.12,34.0,Steel,124.48368
1,1,41.0,Suburban,55.0,,,Oil,0,1,31,Green,Theresa,0,1,2,2,2,6.0,1.56,65.6,Wood,80.70899
1,1,50.0,Rural,37.0,1,0,Oil,1,1,49,Yellow,Sabrina,0,1,2,2,3,14.0,3.64,,Aluminum,188.14168
4,,,Rural,37.0,2,1,Oil,0,0,37,Green,Denis,0,3,2,2,3,16.0,2.38,,Aluminum,341.95431
2,,141.0,Urban,52.0,,,Electricity,1,1,30,Green,Florian,0,3,2,2,2,6.0,2.54,84.6,Aluminum,184.36021
5,5,131.0,Suburban,38.0,,1,Oil,0,1,1,Green,Natalie,0,1,3,2,2,6.0,2.4,,Steel,231.53398
1,1,50.0,Rural,54.0,,0,Gas,0,1,18,Gray,Sabrina,0,2,3,2,2,6.0,1.46,,Steel,275.65478
,1,111.0,Suburban,63.0,,,Gas,0,1,38,Yellow,Andreas,0,3,3,3,2,6.0,2.81,111.0,Aluminum,100.03831
1,2,83.0,Rural,56.0,,0,Gas,1,1,2,Green,Florian,0,2,2,2,3,6.0,2.32,84.0,Aluminum,216.19878
1,,34.0,Urban,45.0,2,,Gas,0,0,28,Gray,,0,2,2,2,1,16.0,3.09,,Aluminum,77.95556
1,3,107.0,Urban,52.0,2,,Oil,0,1,37,Green,Florian,0,2,3,2,3,16.0,1.89,,Steel,335.20202
2,,94.0,Urban,13.0,,1,Gas,0,0,40,White,Natalie,0,2,2,3,2,46.0,2.16,93.0,Aluminum,213.97082
1,1,81.0,Suburban,,,0,Gas,1,1,19,Green,Laura,0,2,2,3,1,6.0,2.86,,Steel,137.03235
3,,114.0,Suburban,48.0,,0,Oil,0,0,3,Yellow,Lukas,0,3,2,3,1,16.0,1.61,182.4,Wood,155.35352
2,1,74.0,Urban,62.0,2,0,Oil,0,1,3,Green,Sabrina,0,1,2,2,2,16.0,1.8,,Aluminum,171.33808
1,,91.0,Urban,61.0,2,0,Oil,0,1,47,Yellow,Denis,0,2,2,3,3,16.0,2.69,,Aluminum,196.03252
5,5,132.0,Urban,42.0,1,0,Electricity,1,0,14,Yellow,,0,2,2,3,3,14.0,2.25,,Wood,241.34152
2,2,87.0,Suburban,34.0,,0,Gas,0,1,11,White,Theresa,0,3,2,3,1,6.0,1.54,88.0,Wood,125.34175
2,1,89.0,Suburban,71.0,,1,Oil,0,0,32,Green,,0,3,2,1,3,6.0,1.55,140.8,Aluminum,81.75505
1,1,55.0,Rural,39.0,,,Gas,1,1,3,Gray,,0,2,1,2,2,6.0,1.35,,Wood,228.98376
1,2,99.0,Suburban,71.0,,,Electricity,0,1,29,Green,Roman,0,3,3,1,2,14.0,3.23,,Wood,116.80926
1,,37.0,Urban,29.0,,0,Oil,1,1,50,White,,0,3,2,2,2,6.0,2.99,60.8,Aluminum,104.72191
5,,141.0,Rural,70.0,,0,Gas,1,1,12,Gray,Andreas,0,2,1,2,1,6.0,2.33,140.0,Wood,366.20014
1,2,69.0,Urban,27.0,1,0,Electricity,1,0,45,Gray,Denis,0,1,2,3,1,14.0,1.63,,Wood,147.2467
2,,71.0,Urban,42.0,3,0,Oil,0,1,34,White,,0,3,1,2,3,46.0,2.45,113.6,Aluminum,251.68227
3,1,102.0,Rural,,,0,Electricity,0,1,38,White,,0,2,3,2,1,6.0,1.78,61.2,Steel,312.51601
1,1,56.0,Rural,49.0,,1,Electricity,0,1,39,Green,Lukas,0,1,2,2,3,6.0,2.53,-229.0,Aluminum,111.76982
4,,146.0,Urban,52.0,,0,Oil,1,1,40,Gray,,0,1,3,1,2,6.0,2.67,233.6,Steel,362.40379
1,3,114.0,Rural,29.0,,,Gas,0,1,24,Green,Laura,0,2,2,1,2,6.0,2.05,114.0,Steel,382.86929
1,1,93.0,Rural,25.0,1,0,Gas,0,0,27,Yellow,Sandra,0,2,3,1,2,14.0,4.3,,Aluminum,194.73208
1,3,101.0,Suburban,60.0,2,0,Gas,0,1,26,Green,Daniel,0,3,2,2,3,16.0,2.42,,Wood,146.91202
1,1,28.0,Suburban,59.0,,0,Gas,0,1,37,White,,0,3,3,1,3,6.0,1.49,28.0,Wood,72.46292
3,2,126.0,Urban,50.0,,,Oil,0,0,5,Yellow,Florian,0,2,3,2,2,6.0,1.72,201.6,Wood,250.70855
3,1,108.0,Urban,61.0,,0,Oil,1,1,30,White,Sabrina,0,2,2,2,2,16.0,1.7,,Wood,288.52443
2,,65.0,Suburban,68.0,,0,Gas,0,1,4,Yellow,Andreas,0,2,1,2,1,14.0,3.38,,Wood,103.54925
1,1,31.0,Rural,47.0,,0,Oil,1,0,35,Yellow,Martin,0,3,2,2,1,6.0,4.38,,Wood,159.37628
5,,140.0,Suburban,47.0,2,0,Gas,0,1,42,Gray,,0,3,3,3,3,16.0,3.1,,Wood,192.60537
2,2,89.0,Urban,64.0,,1,Electricity,1,0,6,Yellow,Johanna,0,3,1,3,3,6.0,3.33,53.4,Wood,165.84324
3,,,Suburban,38.0,,0,Electricity,0,0,4,White,,0,2,2,3,3,6.0,3.64,85.8,Wood,128.1927
,2,111.0,Urban,,,0,Electricity,0,0,43,Green,Maria,0,3,1,2,2,6.0,2.77,,Steel,187.70565
1,3,118.0,Urban,60.0,,1,Oil,0,1,11,Gray,Denis,0,2,3,1,2,6.0,1.92,,Wood,268.22279
2,4,131.0,Rural,,,1,Gas,0,1,21,Yellow,Sabrina,0,2,2,2,2,6.0,4.58,,Aluminum,268.14279
2,,67.0,Suburban,47.0,,0,Oil,0,1,10,Gray,,0,2,3,3,2,6.0,1.48,,Aluminum,92.65441
2,2,150.0,Urban,33.0,3,0,Electricity,1,1,16,Gray,Daniel,0,3,1,1,2,46.0,1.38,,Steel,399.97087
1,4,129.0,Rural,,,,Electricity,1,0,1,Green,Andreas,0,3,3,1,2,16.0,3.43,,Aluminum,246.34799
2,1,78.0,Rural,,,0,Oil,0,1,41,Green,Martin,0,3,2,2,3,6.0,2.33,,Steel,370.04043
,1,121.0,Urban,29.0,,,Gas,0,1,42,Yellow,,0,3,1,3,2,6.0,3.6,120.0,Steel,281.2139
1,,50.0,Suburban,45.0,,1,Oil,0,1,19,Green,Lukas,0,2,2,3,3,16.0,1.98,,Wood,119.40084
1,2,65.0,Suburban,70.0,,0,Oil,1,1,31,White,Maria,0,2,2,2,1,6.0,3.46,104.0,Wood,109.19771
1,1,41.0,Suburban,64.0,2,0,Electricity,0,1,49,Yellow,Maria,0,3,2,1,2,16.0,1.71,24.6,Aluminum,54.0934
3,2,109.0,Rural,29.0,,0,Electricity,1,1,10,Yellow,,0,3,2,1,2,6.0,2.31,,Steel,381.32524
1,1,114.0,Suburban,62.0,2,0,Gas,0,1,18,White,Lukas,0,2,2,2,3,16.0,3.25,,Aluminum,118.03536
3,1,135.0,Suburban,68.0,,0,Oil,1,1,6,Gray,,0,3,1,2,3,6.0,2.88,214.4,Steel,220.47671
1,,144.0,Suburban,63.0,,1,Gas,0,1,19,Green,Florian,0,2,3,1,1,6.0,2.67,,Aluminum,120.53255
,,125.0,Urban,41.0,,,Gas,0,1,8,Yellow,Natalie,0,3,3,2,3,6.0,1.97,,Wood,268.79378
1,,68.0,Rural,26.0,,1,Gas,0,1,7,Green,Maria,0,3,3,3,3,6.0,2.23,69.0,Steel,358.67491
2,,103.0,Urban,,,0,Electricity,0,1,0,White,Sandra,0,2,3,2,3,6.0,2.55,,Aluminum,140.77147
,2,67.0,Urban,40.0,,0,Gas,1,1,42,Gray,Natalie,0,2,3,2,3,6.0,1.45,,Aluminum,132.29861
,,95.0,Rural,41.0,,0,Electricity,0,1,10,White,,0,2,2,2,2,6.0,1.56,57.6,Aluminum,181.56089
3,5,149.0,Urban,48.0,,0,Gas,0,0,50,,Stefan,0,3,2,2,2,46.0,1.75,,Wood,306.2536
2,3,100.0,Urban,,1,0,Electricity,0,1,21,Gray,Daniel,0,2,2,2,2,14.0,2.91,61.2,Steel,254.67233
3,1,123.0,Suburban,59.0,2,0,Gas,1,1,24,Yellow,Denis,0,2,3,2,2,16.0,1.24,123.0,Aluminum,135.13871
2,2,82.0,Suburban,58.0,,0,Oil,0,0,29,White,,0,2,2,2,2,6.0,1.56,,Aluminum,79.64838
,1,20.0,Rural,64.0,,,Electricity,0,0,24,,,0,3,2,3,2,6.0,2.93,,Wood,126.78421
2,1,78.0,Rural,37.0,3,0,Oil,1,1,35,,Laura,0,3,3,2,3,46.0,2.97,,Wood,461.2927
1,1,38.0,Urban,,1,0,Oil,0,1,47,Gray,,0,1,2,2,1,14.0,1.59,60.8,Wood,132.45281
1,1,75.0,Suburban,60.0,,,Gas,1,0,25,Gray,Florian,0,2,2,2,3,6.0,2.62,,Steel,118.13745
1,1,44.0,Rural,41.0,,,Oil,0,0,42,White,Maria,0,2,2,1,2,6.0,1.6,70.4,Steel,220.43913
2,2,112.0,Suburban,60.0,,1,Electricity,1,0,23,White,,0,1,2,2,1,16.0,1.39,67.8,Aluminum,85.70749
1,3,140.0,Rural,23.0,,,Gas,0,0,0,Gray,Andreas,0,3,2,3,1,16.0,2.32,,Wood,359.85252
3,2,128.0,Suburban,47.0,,0,Oil,0,1,50,Gray,,0,2,3,3,2,6.0,2.01,,Steel,198.76794
1,,150.0,Suburban,64.0,1,0,Electricity,0,1,27,Yellow,Roman,0,2,3,1,3,14.0,1.46,,Wood,154.26353
1,,47.0,Urban,54.0,,0,Gas,1,0,11,Green,Lukas,0,2,2,1,2,6.0,2.55,49.0,Aluminum,78.58427
4,5,138.0,Urban,,,,Electricity,0,0,14,Gray,,0,2,3,2,2,6.0,3.01,83.4,Steel,248.7686
2,1,80.0,Urban,26.0,2,1,Electricity,0,0,18,Green,,0,3,1,1,2,16.0,2.87,47.4,Aluminum,117.16706
1,1,23.0,Suburban,36.0,,0,Electricity,1,1,47,Green,,0,2,1,2,1,6.0,2.01,13.2,Steel,90.27308
2,,104.0,Suburban,50.0,,0,Oil,1,0,5,Yellow,,0,3,3,2,3,14.0,2.35,,Aluminum,129.97775
2,3,113.0,Rural,34.0,,,Gas,0,0,5,Green,,0,2,1,2,2,6.0,1.91,112.0,Steel,332.96387
,1,72.0,Suburban,41.0,,0,Oil,0,1,12,White,,0,2,3,2,3,6.0,2.9,116.8,Aluminum,97.17039
2,1,64.0,Suburban,31.0,2,1,Gas,1,1,43,Gray,,0,2,2,3,3,16.0,1.55,,Aluminum,95.78613
2,1,128.0,Suburban,70.0,1,,Gas,0,1,21,Green,Roman,0,2,3,1,3,14.0,2.46,128.0,Aluminum,122.45765
,2,65.0,Rural,34.0,,0,Gas,1,1,4,White,,0,2,2,2,2,6.0,2.95,65.0,Aluminum,183.80486
2,,105.0,Suburban,28.0,,0,Electricity,0,1,13,Gray,,0,2,2,3,1,6.0,1.71,62.4,Steel,149.95822
2,,66.0,Rural,43.0,3,0,Oil,1,0,20,White,,0,1,2,2,1,46.0,2.54,102.4,Wood,337.94988
3,3,131.0,Rural,,,0,Gas,0,1,17,Gray,Laura,0,1,3,2,2,6.0,1.37,,Wood,344.38681
2,2,69.0,Suburban,53.0,,,Electricity,1,1,47,Gray,,0,1,3,3,2,6.0,2.32,42.0,Wood,98.39378
1,,120.0,Suburban,,,,Oil,1,1,10,Yellow,Florian,0,2,2,3,2,6.0,3.01,,Aluminum,141.40853
4,1,149.0,Urban,63.0,1,0,Gas,0,1,15,White,Roman,0,2,1,2,3,14.0,3.83,148.0,Wood,287.78848
,1,24.0,Suburban,,,1,Oil,1,1,6,Yellow,Maria,0,1,2,2,2,6.0,4.04,41.6,Aluminum,38.22369
1,1,77.0,Suburban,44.0,,0,Oil,0,1,41,Green,Maria,0,2,2,3,2,6.0,2.39,,Aluminum,88.87997
1,,94.0,Suburban,41.0,,1,Electricity,1,1,12,Gray,Florian,0,3,3,2,2,16.0,2.93,,Steel,172.40218
,1,81.0,Rural,71.0,,0,Gas,1,1,12,,,0,3,2,2,2,6.0,4.6,,Steel,341.55079
1,2,83.0,Suburban,30.0,,0,Oil,0,0,49,,,0,2,3,2,2,6.0,1.67,132.8,Steel,129.61712
2,2,75.0,Rural,49.0,,0,Oil,1,1,37,Gray,Theresa,0,1,2,2,3,6.0,2.37,,Wood,290.64997
1,1,53.0,Urban,42.0,,0,Gas,0,1,5,Green,,0,3,1,3,3,16.0,3.02,,Steel,245.35802
1,1,52.0,Urban,49.0,,0,Gas,0,1,42,Green,,0,2,3,2,2,6.0,2.75,53.0,Aluminum,94.26057
,2,118.0,Rural,44.0,,0,Gas,0,1,33,Green,Daniel,0,3,3,2,2,6.0,2.75,118.0,Steel,399.83126
1,,37.0,Rural,47.0,,1,Oil,0,0,46,White,Sabrina,0,2,2,2,3,6.0,1.75,,Aluminum,105.56633
1,,88.0,Suburban,34.0,,0,Gas,0,0,27,Gray,,0,3,3,2,2,6.0,3.06,,Steel,2516.8424
1,3,128.0,Suburban,57.0,1,0,Electricity,1,1,6,Green,Daniel,0,3,2,3,1,14.0,1.79,75.6,Wood,151.10238
2,2,60.0,Suburban,67.0,,1,Oil,0,0,3,White,Daniel,0,3,3,2,3,6.0,3.35,,Wood,101.76006
1,1,31.0,Rural,58.0,,0,Oil,0,0,33,White,Stefan,0,3,2,2,2,6.0,2.04,,Wood,150.28262
1,2,68.0,Rural,71.0,,1,Electricity,0,1,32,Green,,0,2,2,3,1,6.0,3.31,,Wood,199.8482
1,1,24.0,Rural,43.0,,0,Electricity,1,1,20,Gray,,0,2,3,3,2,6.0,2.47,,Wood,186.25008
1,1,53.0,Urban,64.0,,0,Electricity,0,0,11,White,Denis,0,3,2,3,3,6.0,2.54,,Steel,168.82418
1,,81.0,Suburban,68.0,,,Oil,1,1,19,Yellow,,0,2,3,2,2,6.0,3.92,128.0,Steel,163.57233
3,2,107.0,Suburban,31.0,,1,Oil,1,0,27,Green,Florian,0,1,3,1,2,46.0,2.43,,Steel,209.12516
1,3,106.0,Suburban,36.0,,0,Gas,0,1,14,White,Sandra,0,2,3,1,2,6.0,3.81,107.0,Steel,165.19994
1,1,28.0,Rural,2.0,2,,Oil,1,1,25,Yellow,Lukas,0,2,1,3,3,16.0,2.21,,Steel,330.42769
1,1,100.0,Rural,53.0,,0,Oil,0,1,31,Yellow,Florian,0,3,2,3,3,6.0,1.99,,Steel,410.78695
1,1,37.0,Suburban,49.0,,,Oil,0,1,41,Green,Andreas,0,1,3,2,2,6.0,2.89,,Steel,108.10054
1,1,33.0,Suburban,24.0,,0,Gas,1,1,26,Gray,Sabrina,0,3,2,2,2,6.0,1.92,33.0,Steel,117.23605
2,3,112.0,Suburban,64.0,,0,Gas,0,1,20,,,0,1,2,2,2,6.0,2.33,112.0,Wood,130.14756
,2,124.0,Suburban,55.0,,0,Electricity,0,1,5,White,,0,2,2,3,1,6.0,3.05,,Wood,129.33547
1,3,114.0,Rural,67.0,,,Gas,1,1,25,Green,Denis,0,3,2,2,2,6.0,2.56,114.0,Wood,327.69588
1,2,59.0,Suburban,66.0,,0,Electricity,0,1,6,,Johanna,0,3,1,3,2,16.0,2.67,36.0,Aluminum,75.73077
3,3,121.0,Rural,39.0,,,Oil,0,1,1,,,0,3,3,2,2,6.0,3.49,195.2,Steel,511.00167
1,1,48.0,Rural,30.0,,0,Oil,1,1,32,Green,Natalie,0,3,1,2,1,6.0,3.49,78.4,Steel,301.48021
1,,33.0,Urban,33.0,3,0,Oil,1,0,46,Gray,Stefan,0,2,3,2,1,46.0,2.11,,Wood,199.65063
,1,94.0,Urban,40.0,1,0,Electricity,0,1,39,Green,Florian,0,2,2,2,1,14.0,2.31,,Wood,180.72962
1,1,23.0,Suburban,,,1,Electricity,0,1,39,Green,Daniel,0,2,1,2,2,6.0,2.9,12.6,Steel,79.7625
2,3,126.0,Urban,6.0,,0,Gas,1,0,10,Green,Andreas,0,2,2,2,1,6.0,3.13,,Aluminum,3568.0352
2,1,96.0,Urban,49.0,,0,Gas,0,1,8,Green,Laura,0,1,2,3,3,6.0,2.53,97.0,Wood,211.54734
1,,37.0,Rural,37.0,,,Oil,0,0,38,Yellow,,0,2,3,1,3,6.0,4.51,,Aluminum,109.19907
1,,82.0,Rural,4.0,,0,Oil,0,1,40,White,Daniel,0,2,2,3,2,6.0,3.56,132.8,Wood,310.59137
1,1,82.0,Suburban,58.0,2,0,Gas,0,1,27,Yellow,,0,2,3,3,3,16.0,1.82,83.0,Wood,133.05481
,4,132.0,Urban,47.0,,0,Electricity,1,1,17,Yellow,,0,3,2,2,2,6.0,2.29,79.2,Aluminum,195.98198
1,1,99.0,Suburban,31.0,,,Electricity,0,1,25,Yellow,Martin,0,3,2,2,2,46.0,2.41,58.2,Aluminum,140.13234
5,,135.0,Rural,54.0,,0,Electricity,1,1,27,Yellow,,0,1,3,2,1,6.0,4.61,,Steel,417.54974
,1,,Urban,25.0,,1,Oil,1,1,24,White,,0,3,2,3,2,6.0,3.73,,Steel,313.25009
1,,83.0,Suburban,,,,Gas,0,1,23,White,,0,2,2,2,3,6.0,1.45,83.0,Steel,139.37193
,,64.0,Rural,61.0,3,0,Oil,1,0,19,Green,Natalie,0,1,1,2,3,46.0,1.68,,Steel,398.2243
1,2,90.0,Suburban,59.0,1,,Electricity,0,0,48,Green,,0,3,2,2,1,14.0,2.18,,Steel,113.63425
2,1,90.0,Rural,43.0,,,Oil,1,1,25,Gray,Sabrina,0,2,3,3,3,6.0,2.42,144.0,Aluminum,280.13186
1,1,80.0,Suburban,22.0,,,Oil,0,0,36,Yellow,Natalie,0,1,1,3,2,6.0,4.98,128.0,Aluminum,74.33714
1,1,36.0,Urban,11.0,,0,Gas,1,1,34,White,Johanna,0,3,3,2,2,6.0,2.87,36.0,Wood,154.4355
1,2,78.0,Suburban,,1,1,Gas,0,0,9,Gray,Maria,0,3,1,1,3,14.0,2.43,78.0,Aluminum,70.73234
1,1,68.0,Urban,,,0,Electricity,0,1,34,White,,0,2,1,1,1,6.0,3.69,40.8,Steel,167.81531
1,1,78.0,Suburban,68.0,,0,Electricity,1,1,37,Gray,Daniel,0,2,3,3,1,6.0,1.95,46.8,Aluminum,67.23307
1,1,58.0,Urban,42.0,,,Electricity,0,1,21,Green,Roman,0,2,3,1,2,6.0,3.17,,Wood,138.78784
3,4,131.0,Urban,58.0,,0,Oil,1,1,26,White,,0,3,3,3,1,16.0,3.32,,Wood,348.61103
2,,67.0,Suburban,41.0,,0,Oil,1,1,48,Yellow,,0,1,1,2,2,6.0,3.51,107.2,Aluminum,81.44875
,2,126.0,Suburban,36.0,,,Electricity,0,1,3,White,Sandra,0,2,3,3,2,6.0,3.48,,Aluminum,109.83801
1,1,44.0,Rural,28.0,2,0,Oil,0,0,45,Green,Andreas,0,2,2,3,1,16.0,1.95,,Aluminum,150.11355
1,1,27.0,Urban,,,,Electricity,0,1,14,White,,0,3,2,3,3,6.0,3.83,,Wood,116.27531
1,1,87.0,Suburban,55.0,,1,Electricity,0,1,50,White,,0,2,2,1,3,6.0,3.34,,Steel,121.78254
1,1,48.0,Suburban,45.0,,0,Electricity,0,0,9,Yellow,,0,2,2,3,2,6.0,1.34,,Steel,95.14136
1,1,98.0,Urban,60.0,2,,Oil,0,1,14,Yellow,Natalie,0,1,2,1,2,16.0,4.58,,Wood,248.95172
2,1,86.0,Urban,46.0,2,1,Oil,0,0,14,White,Laura,0,2,2,2,3,16.0,1.59,,Aluminum,170.12037
1,2,101.0,Suburban,58.0,,0,Gas,0,1,28,Gray,Natalie,0,2,2,2,2,6.0,2.77,101.0,Steel,149.74565
1,1,99.0,Suburban,,,0,Gas,1,1,48,White,Martin,0,2,2,2,1,6.0,2.87,,Steel,140.33656
2,,87.0,Rural,68.0,,0,Gas,1,1,24,,Theresa,0,3,1,3,2,6.0,1.96,,Aluminum,218.1492
2,1,114.0,Suburban,66.0,,1,Gas,1,1,37,Yellow,,0,2,2,1,3,6.0,4.77,,Wood,131.55895
3,5,131.0,Suburban,40.0,,,Gas,0,0,15,Gray,Johanna,0,3,1,2,1,6.0,1.14,,Steel,3162.2681999999995
3,1,112.0,Urban,44.0,,0,Oil,0,0,23,Green,Martin,0,1,2,3,3,6.0,2.02,177.6,Aluminum,177.47546
2,,107.0,Rural,32.0,1,0,Gas,0,1,33,Gray,Johanna,0,3,3,1,1,14.0,2.66,106.0,Aluminum,251.08729
5,1,141.0,Urban,68.0,,1,Electricity,1,1,30,Yellow,Johanna,0,1,1,1,2,6.0,4.55,84.6,Aluminum,165.64979
1,1,31.0,Rural,57.0,1,0,Gas,1,1,47,White,Sandra,0,2,3,2,2,14.0,1.44,,Wood,208.41829
1,1,33.0,Urban,58.0,,,Oil,0,1,30,White,,0,2,2,3,3,6.0,1.89,54.4,Steel,191.54316
1,1,54.0,Urban,50.0,,0,Electricity,0,1,43,White,,0,1,3,2,3,6.0,2.02,,Wood,132.98955
2,2,90.0,Suburban,,1,0,Electricity,0,0,17,Green,,0,2,2,1,1,14.0,1.95,,Wood,89.02201
1,3,116.0,Rural,38.0,,0,Gas,0,1,7,Gray,,0,3,2,2,2,6.0,3.02,115.0,Aluminum,263.3513
2,2,68.0,Suburban,,,,Oil,0,1,43,Green,Theresa,0,2,2,2,3,6.0,2.87,,Aluminum,80.51526
1,1,82.0,Rural,,,0,Electricity,0,0,28,Gray,,0,1,2,1,2,6.0,2.52,,Steel,219.24435
1,3,103.0,Urban,15.0,,0,Electricity,0,1,45,Gray,Daniel,0,3,2,3,3,6.0,1.36,,Steel,252.38517
5,1,143.0,Urban,,1,0,Electricity,1,1,45,Gray,Sandra,0,1,2,3,2,14.0,2.09,,Steel,294.22249
2,,137.0,Urban,51.0,3,1,Oil,1,0,25,Gray,,0,2,3,1,1,46.0,1.74,219.2,Wood,343.87031
1,1,27.0,Rural,31.0,2,,Electricity,0,1,12,Green,,0,2,2,2,1,16.0,2.02,15.6,Wood,195.11463
,1,73.0,Suburban,54.0,,0,Oil,0,1,10,White,,0,2,2,3,3,6.0,1.5,113.6,Aluminum,90.68588
1,1,50.0,Rural,,,1,Gas,1,1,37,White,Denis,0,1,2,3,2,6.0,3.57,49.0,Wood,193.63186
1,1,29.0,Urban,31.0,1,1,Electricity,0,1,20,Yellow,Martin,0,1,3,2,3,14.0,2.45,,Wood,142.51291
1,1,23.0,Rural,,2,1,Gas,0,1,40,,,0,1,2,2,2,16.0,1.97,,Aluminum,99.56535
1,3,111.0,Suburban,61.0,,0,Electricity,0,1,12,White,,0,2,2,3,2,6.0,1.84,,Aluminum,87.45644
1,2,81.0,Suburban,27.0,,0,Electricity,1,0,43,Gray,Florian,0,3,2,3,1,6.0,2.76,,Aluminum,65.03054
1,1,93.0,Rural,,,1,Gas,1,1,20,Gray,,0,1,2,3,3,6.0,2.64,92.0,Aluminum,200.76824
2,2,65.0,Rural,46.0,,,Gas,1,1,29,Gray,Sabrina,0,1,1,2,3,6.0,1.02,65.0,Steel,310.68201
2,1,73.0,Rural,,,,Oil,0,1,22,Yellow,Sabrina,0,2,3,3,2,6.0,2.26,116.8,Aluminum,209.90179
1,,34.0,Rural,56.0,,1,Gas,0,0,2,Yellow,,0,3,2,1,1,6.0,2.79,33.0,Steel,200.17669
1,1,32.0,Urban,39.0,3,1,Oil,0,0,21,Green,Maria,0,2,3,1,3,46.0,3.27,52.8,Steel,247.50472
1,1,59.0,Rural,39.0,,0,Oil,1,1,41,Green,Sabrina,0,2,3,3,2,6.0,1.68,,Steel,336.26651
1,1,46.0,Suburban,63.0,2,,Oil,1,1,20,Green,Johanna,0,3,2,2,3,16.0,2.78,,Steel,152.24793
2,3,112.0,Urban,44.0,1,,Gas,1,0,6,Green,,0,3,2,2,3,14.0,2.3,112.0,Steel,277.9744
,2,146.0,Urban,36.0,,0,Oil,1,1,42,,,0,2,2,1,2,6.0,2.77,,Aluminum,270.6793
1,1,70.0,Suburban,16.0,1,0,Oil,1,0,19,Yellow,Denis,0,3,3,2,2,14.0,3.9,112.0,Wood,121.32832
1,1,22.0,Rural,62.0,2,,Gas,1,0,50,,,0,1,2,1,1,16.0,2.78,24.0,Steel,201.10241
1,1,44.0,Suburban,18.0,2,0,Oil,0,1,47,Gray,Andreas,0,3,1,3,2,16.0,2.29,,Steel,139.48975
1,1,46.0,Suburban,,,0,Oil,1,1,29,Gray,,0,2,2,2,3,14.0,1.16,73.6,Aluminum,76.15997
1,1,48.0,Rural,61.0,2,0,Gas,0,1,30,Green,,0,2,1,3,1,16.0,2.47,48.0,Steel,290.22044
2,1,70.0,Rural,34.0,2,1,Oil,0,1,35,Yellow,Stefan,0,1,2,1,2,16.0,3.67,,Steel,363.44635
2,2,128.0,Urban,,,0,Electricity,0,1,47,Green,,0,2,1,3,2,6.0,3.24,76.2,Wood,184.42851
1,,25.0,Urban,,1,0,Oil,0,1,26,Yellow,Roman,0,2,2,2,2,14.0,3.41,,Aluminum,74.99769
1,2,92.0,Suburban,,2,0,Oil,0,0,32,Gray,,0,3,2,2,2,16.0,1.01,,Wood,122.66738
1,1,37.0,Urban,69.0,,1,Oil,0,1,11,Yellow,Denis,0,2,3,3,3,6.0,1.92,,Steel,206.3349
2,3,148.0,Rural,56.0,,,Gas,0,0,50,Green,,0,3,2,3,2,6.0,2.92,,Wood,301.34751
4,5,145.0,Urban,40.0,2,0,Gas,1,1,48,Gray,,0,3,3,3,2,16.0,1.79,145.0,Wood,325.24004
1,1,40.0,Suburban,70.0,3,0,Oil,1,1,27,White,Denis,0,2,1,3,3,46.0,2.43,67.2,Steel,185.54846
2,1,59.0,Urban,60.0,,1,Oil,0,0,11,Green,Maria,0,2,3,2,2,6.0,2.25,,Wood,153.60114
1,2,136.0,Urban,45.0,,0,Oil,0,1,13,Green,,0,3,3,2,2,6.0,2.46,216.0,Wood,6153.748799999999
1,5,140.0,Urban,56.0,,,Gas,0,1,5,White,Laura,0,2,1,3,2,16.0,2.32,140.0,Aluminum,247.43404
1,,84.0,Rural,26.0,,0,Gas,1,0,27,,,0,2,2,2,2,16.0,2.16,83.0,Steel,321.97962
2,1,88.0,Suburban,48.0,2,,Electricity,1,1,16,Gray,Roman,0,2,2,1,3,16.0,2.37,,Aluminum,97.05216
5,5,143.0,Urban,68.0,,,Electricity,1,0,33,Green,Theresa,0,2,2,3,2,6.0,1.96,,Steel,257.0031
,1,31.0,Urban,,2,,Electricity,1,1,47,Yellow,Maria,0,3,2,2,2,16.0,4.2,,Steel,190.32108
1,,81.0,Rural,41.0,,,Electricity,1,0,20,Gray,Lukas,0,1,3,1,3,6.0,2.09,48.6,Aluminum,140.10629
1,3,101.0,Rural,44.0,,0,Electricity,1,1,25,Green,,0,3,3,3,2,6.0,3.27,,Aluminum,231.19611
2,2,66.0,Suburban,54.0,,1,Gas,0,1,10,Green,Theresa,0,2,2,1,2,6.0,2.04,,Aluminum,66.95561
5,2,137.0,Urban,32.0,,0,Oil,0,0,11,Gray,Andreas,0,2,3,3,3,6.0,2.0,,Wood,284.3093
3,3,105.0,Rural,36.0,,0,Electricity,0,1,27,Gray,,0,2,2,3,1,46.0,3.0,,Wood,423.49313
,1,57.0,Suburban,53.0,2,0,Oil,0,0,2,Gray,Natalie,0,2,2,3,2,16.0,1.85,92.8,Steel,133.07644
1,1,52.0,Urban,60.0,,,Gas,1,1,16,Gray,,0,2,3,2,1,6.0,2.19,,Steel,203.42258
2,1,84.0,Suburban,58.0,,0,Gas,1,1,43,Green,,0,2,2,2,3,6.0,1.84,85.0,Aluminum,85.12728
4,5,146.0,Suburban,64.0,,0,Gas,0,1,24,,,0,2,1,1,3,6.0,2.32,147.0,Steel,194.75596
1,1,53.0,Rural,42.0,2,,Oil,0,0,30,Green,Martin,0,1,3,2,3,16.0,2.14,83.2,Aluminum,168.17889
1,1,40.0,Urban,,,0,Gas,1,0,14,Green,Natalie,0,2,3,2,3,16.0,2.79,40.0,Steel,192.4916
1,,100.0,Urban,37.0,,,Electricity,0,1,24,Gray,Natalie,0,1,3,3,2,6.0,2.09,60.0,Wood,192.41724
1,1,28.0,Rural,,,,Gas,1,0,38,White,Theresa,0,3,3,1,3,6.0,1.38,28.0,Aluminum,113.97192
1,2,130.0,Urban,47.0,,,Electricity,1,1,47,White,Laura,0,3,1,2,2,6.0,1.96,,Steel,257.83839
1,1,35.0,Rural,43.0,,0,Gas,1,0,25,Gray,Theresa,0,2,2,2,3,6.0,2.53,34.0,Wood,163.57213
1,1,54.0,Suburban,39.0,,0,Oil,0,0,26,,Andreas,0,3,2,3,2,6.0,3.13,,Steel,114.48894
5,1,133.0,Rural,56.0,,,Gas,0,0,22,Yellow,Martin,0,3,2,2,3,16.0,2.04,,Aluminum,284.16479
2,,97.0,,,,0,Oil,0,1,2,Green,Natalie,0,3,1,2,3,16.0,2.68,,Aluminum,310.81437
1,,40.0,Suburban,69.0,,1,Electricity,0,1,3,Gray,,0,2,3,1,2,6.0,1.92,,Steel,103.41824
1,1,46.0,Rural,50.0,,,Gas,0,0,28,White,Andreas,0,3,2,2,2,6.0,2.35,,Wood,162.7473
1,1,51.0,Urban,,,,Oil,0,1,42,Yellow,Roman,0,3,2,3,2,14.0,2.32,,Aluminum,124.35327
1,2,71.0,Urban,44.0,,1,Oil,0,0,6,Gray,Stefan,0,2,2,2,3,6.0,1.86,,Steel,218.77928
1,1,49.0,Suburban,41.0,,0,Gas,1,1,42,White,Florian,0,3,2,1,3,6.0,3.09,48.0,Wood,90.86315
2,3,111.0,Rural,70.0,,0,Oil,0,1,12,Green,Roman,0,2,2,2,2,6.0,1.9,,Aluminum,290.83897
1,1,49.0,Urban,,,0,Oil,0,1,43,Yellow,Florian,0,2,3,1,2,16.0,3.79,,Aluminum,121.98466
,4,131.0,Suburban,,,0,Oil,1,0,10,Gray,,0,2,2,1,3,6.0,2.22,209.6,Aluminum,132.9009
1,1,26.0,Urban,42.0,2,1,Oil,1,1,39,Gray,Andreas,0,2,2,2,2,16.0,2.26,,Steel,208.40353
1,,85.0,Suburban,61.0,,1,Gas,1,1,12,White,,0,3,3,2,2,16.0,2.61,,Wood,145.43919
1,1,98.0,Urban,47.0,,1,Electricity,1,1,35,White,Andreas,0,3,1,2,3,6.0,3.37,,Aluminum,136.46378
1,1,37.0,Suburban,57.0,,0,Oil,0,0,38,White,,0,1,3,3,1,6.0,3.63,59.2,Steel,90.99095
2,2,89.0,Urban,66.0,,0,Gas,0,0,21,Green,,0,1,3,2,2,16.0,3.37,,Aluminum,141.01265
2,2,106.0,Urban,57.0,1,0,Electricity,1,0,27,Gray,Johanna,0,2,1,3,1,14.0,1.13,,Wood,176.2374
1,,,Rural,57.0,,0,Electricity,1,1,49,Green,Johanna,0,2,1,3,3,16.0,2.33,,Steel,291.05514
,1,58.0,Suburban,57.0,,,Gas,1,1,40,,Sandra,0,2,2,1,2,6.0,4.93,59.0,Aluminum,59.59072
1,1,28.0,Urban,34.0,,,Oil,1,1,48,Gray,Roman,0,3,2,2,3,46.0,1.26,,Steel,288.46186
,1,88.0,Rural,47.0,1,,Oil,1,1,30,White,,0,3,2,2,3,14.0,3.39,142.4,Aluminum,294.49343
1,2,143.0,Urban,,,0,Oil,0,1,39,Gray,Daniel,0,3,3,3,1,6.0,2.59,228.8,Steel,345.08239
1,1,89.0,Rural,33.0,,0,Oil,1,1,18,White,Denis,0,3,2,2,3,6.0,2.26,140.8,Steel,414.26372
2,1,120.0,Rural,66.0,,0,Oil,1,0,50,White,,0,1,2,2,2,6.0,2.23,,Wood,294.41214
1,,90.0,Suburban,21.0,,0,Oil,0,1,31,Yellow,Natalie,0,2,2,2,2,14.0,1.33,144.0,Wood,144.86505
1,1,50.0,Urban,45.0,,,Oil,1,1,10,Yellow,Andreas,0,3,2,2,2,6.0,4.77,,Wood,180.80854
1,2,77.0,Rural,9.0,2,,Oil,1,1,0,Gray,Stefan,0,3,3,2,2,16.0,2.21,,Wood,386.29538
1,,,Rural,28.0,,1,Gas,0,1,44,Yellow,Johanna,0,3,1,3,2,16.0,1.37,55.0,Aluminum,182.86716
2,,,Urban,42.0,,0,Oil,0,1,17,White,Florian,0,2,2,2,2,6.0,2.01,,Aluminum,244.28119
2,,73.0,Rural,53.0,,0,Gas,0,1,2,White,Florian,0,1,2,3,2,6.0,3.73,,Wood,252.85084
1,1,109.0,Suburban,61.0,1,1,Oil,0,0,25,Green,Theresa,0,3,2,2,2,14.0,1.99,,Steel,159.10105
1,1,52.0,Rural,,,,Gas,1,1,1,Yellow,Martin,0,3,2,2,1,6.0,3.06,-118.0,Aluminum,139.77334
2,1,122.0,Rural,60.0,,,Electricity,1,1,48,Gray,,0,1,2,3,1,6.0,1.52,,Wood,268.10168
,1,59.0,Urban,68.0,,0,Electricity,0,1,7,Yellow,Natalie,0,3,2,3,2,6.0,3.18,,Wood,148.09199
2,2,122.0,Rural,31.0,,0,Oil,1,1,20,Gray,Andreas,0,3,3,3,2,14.0,2.87,-981.0,Wood,463.44584
2,1,76.0,Rural,17.0,,,Gas,0,0,19,White,Roman,0,3,3,1,3,6.0,1.93,,Steel,290.03037
2,,66.0,Urban,38.0,,,Oil,1,0,42,Green,,0,1,2,2,2,6.0,2.01,108.8,Aluminum,120.80308
1,,24.0,Rural,63.0,,0,Oil,0,1,17,Green,Andreas,0,1,3,2,1,6.0,1.93,38.4,Wood,155.1961
1,1,65.0,Suburban,31.0,,,Gas,0,1,11,Yellow,Martin,0,2,2,2,1,6.0,2.54,,Wood,96.55351
3,4,132.0,Urban,35.0,3,,Oil,0,1,28,Yellow,Daniel,0,1,1,3,3,46.0,3.27,211.2,Steel,456.33628
,1,124.0,Suburban,48.0,,0,Gas,0,1,37,White,Natalie,0,3,2,2,3,6.0,3.7,,Aluminum,114.13339
2,1,93.0,Rural,20.0,1,1,Gas,1,1,4,White,,0,2,3,2,2,14.0,3.75,94.0,Wood,351.33624
4,4,144.0,Rural,,2,,Oil,0,1,27,Green,,0,2,2,3,2,16.0,2.52,,Wood,482.00926
2,,62.0,Rural,70.0,1,1,Electricity,0,1,1,White,,0,2,2,3,2,14.0,3.13,,Aluminum,165.9414
3,1,135.0,Suburban,41.0,2,0,Oil,0,1,30,Yellow,Johanna,0,2,3,3,1,16.0,3.84,,Wood,196.758
1,1,38.0,Urban,,,0,Electricity,0,1,28,Gray,,0,2,2,2,2,6.0,1.19,22.8,Aluminum,59.19676
1,1,81.0,Rural,34.0,,1,Oil,0,0,32,Yellow,Florian,0,2,2,3,3,6.0,2.22,,Aluminum,192.28561
,3,124.0,Suburban,,,0,Electricity,0,1,19,White,Laura,0,1,1,3,3,6.0,1.5,,Steel,147.74131
3,2,116.0,Rural,,1,,Oil,0,1,43,Yellow,Sandra,0,3,2,2,1,14.0,3.96,184.0,Aluminum,308.39612
2,,83.0,Suburban,61.0,,0,Electricity,0,0,12,Green,Sabrina,0,3,2,2,1,6.0,2.56,,Wood,85.23238
1,,47.0,Urban,57.0,,,Gas,0,0,14,White,,0,3,2,3,1,46.0,1.39,47.0,Steel,251.10501
4,5,149.0,Rural,3.0,,,Gas,0,1,14,Yellow,Johanna,0,2,2,1,2,6.0,4.26,148.0,Wood,415.93632
5,3,133.0,Urban,28.0,3,,Electricity,0,1,47,White,Roman,0,1,3,2,2,46.0,1.9,79.2,Steel,372.83073
1,,47.0,Rural,60.0,,1,Oil,0,1,8,Green,Maria,0,3,1,3,2,6.0,2.67,,Wood,225.13279
1,1,97.0,Urban,56.0,,,Oil,1,0,49,Yellow,,0,2,2,2,3,16.0,3.98,155.2,Aluminum,174.32156
2,2,143.0,Rural,,,0,Gas,0,1,13,Yellow,,0,3,1,3,3,6.0,4.74,,Wood,367.06263
1,2,111.0,Suburban,35.0,,0,Electricity,1,1,26,Gray,,0,2,2,2,3,46.0,2.09,,Wood,186.69676
1,1,63.0,Rural,50.0,,0,Gas,0,0,31,White,Florian,0,2,3,3,2,6.0,2.51,64.0,Aluminum,133.52741
1,2,113.0,Rural,46.0,,0,Oil,0,1,27,Gray,,0,3,2,2,2,6.0,3.08,180.8,Wood,364.38449
1,1,23.0,Rural,62.0,,0,Oil,0,0,15,Green,,0,2,2,1,3,6.0,2.67,,Aluminum,71.85705
1,,74.0,Suburban,63.0,,0,Gas,0,0,44,Gray,Laura,0,3,3,2,3,6.0,1.61,72.0,Wood,87.91308
1,,42.0,Rural,20.0,2,0,Electricity,0,1,33,Gray,Sandra,0,2,3,1,2,16.0,1.7,,Aluminum,147.83111
,2,94.0,Rural,55.0,,0,Gas,1,1,12,Gray,Roman,0,2,3,3,2,6.0,2.96,94.0,Steel,384.4957
1,1,58.0,Urban,55.0,2,,Oil,1,1,4,Green,Sandra,0,2,2,3,3,16.0,1.66,,Steel,283.20019
1,1,44.0,Urban,62.0,,,Gas,1,1,27,Gray,,0,2,2,1,3,6.0,2.15,46.0,Wood,142.49776
3,,113.0,Urban,35.0,,0,Gas,0,0,2,,Theresa,0,1,2,2,2,6.0,3.71,113.0,Steel,244.56593
2,1,106.0,Rural,41.0,,0,Oil,0,1,31,Gray,Martin,0,2,1,2,3,6.0,2.85,,Wood,341.57316
1,,119.0,Urban,57.0,,0,Electricity,0,1,6,Gray,Lukas,0,2,2,2,2,6.0,2.04,,Wood,198.13125
1,,22.0,Urban,43.0,,,Oil,1,1,34,Yellow,Sabrina,0,3,3,3,3,6.0,1.7,,Wood,150.33924
1,1,57.0,Urban,55.0,,0,Electricity,1,1,13,Yellow,,0,3,3,1,3,6.0,3.97,33.6,Aluminum,106.55728
1,1,21.0,Rural,42.0,,1,Oil,1,1,12,Gray,,0,2,2,2,3,6.0,3.09,36.8,Wood,195.92752
5,,134.0,Suburban,41.0,1,0,Electricity,0,0,44,White,Daniel,0,2,1,2,1,14.0,2.02,81.0,Aluminum,95.3143
1,1,84.0,Urban,,,,Oil,0,1,0,Gray,Natalie,0,3,3,3,2,6.0,2.26,,Steel,280.32503
2,1,89.0,Suburban,50.0,,0,Oil,1,1,17,Yellow,Theresa,0,3,1,1,2,6.0,1.96,144.0,Steel,169.52224
1,1,39.0,Rural,47.0,,1,Gas,1,1,1,White,,0,3,2,1,2,6.0,2.26,40.0,Wood,205.98332
2,,105.0,Rural,60.0,,0,Gas,0,1,24,Gray,,0,3,1,2,2,6.0,2.98,,Wood,292.36632
2,,63.0,Urban,47.0,,1,Electricity,0,0,41,Gray,,0,3,3,1,3,6.0,1.24,,Wood,131.06434
,2,104.0,Suburban,44.0,,0,Gas,1,0,17,Gray,Laura,0,2,3,2,1,6.0,1.99,,Wood,114.13432
1,1,19.0,Urban,55.0,,,Electricity,0,1,15,Green,Andreas,0,2,2,2,2,6.0,1.76,,Steel,154.71856
1,1,108.0,Rural,,,,Oil,1,1,8,White,,0,3,3,3,2,16.0,1.92,174.4,Wood,417.16825
1,2,128.0,Rural,,,0,Electricity,1,1,19,Green,,0,3,1,2,1,6.0,2.54,75.6,Wood,275.68967
2,,88.0,Urban,41.0,,0,Electricity,0,1,38,White,Roman,0,2,3,1,3,6.0,3.4,,Steel,226.87543
1,,46.0,Rural,37.0,,1,Electricity,1,0,37,Green,Lukas,0,1,1,1,2,6.0,2.92,27.0,Aluminum,80.21964
1,,106.0,Rural,,,0,Electricity,0,1,48,Yellow,,0,2,3,2,2,6.0,4.49,64.2,Aluminum,175.49131
3,,101.0,Rural,61.0,,,Gas,1,1,13,White,Denis,0,2,2,1,2,6.0,2.27,100.0,Steel,371.88623
1,,30.0,Rural,68.0,,0,Oil,0,1,30,White,Laura,0,3,3,3,3,6.0,1.67,48.0,Steel,271.70536
2,2,111.0,Rural,,1,0,Gas,0,1,32,Green,Stefan,0,3,3,2,3,14.0,3.24,,Aluminum,270.61128
2,3,141.0,Suburban,40.0,2,0,Gas,1,1,38,White,,0,1,1,2,3,16.0,1.53,,Wood,173.33556
2,1,118.0,Rural,25.0,3,0,Electricity,1,1,32,Yellow,,0,2,1,2,2,46.0,3.3,,Aluminum,358.315
1,2,95.0,Rural,19.0,3,1,Gas,1,0,46,White,,0,2,3,2,2,46.0,1.73,,Steel,419.73791
1,,40.0,Suburban,33.0,1,0,Electricity,1,1,4,White,Maria,0,2,2,2,2,14.0,2.07,,Wood,98.12627
1,1,52.0,Rural,53.0,,1,Oil,0,0,10,Yellow,Sandra,1,2,2,2,2,6.0,2.29,,Aluminum,130.7967
,1,93.0,Urban,53.0,,0,Electricity,1,0,36,Green,,0,2,2,3,2,6.0,1.95,55.8,Steel,190.74948
5,4,148.0,Suburban,67.0,,0,Oil,1,1,24,Gray,Lukas,0,1,3,3,2,6.0,2.32,235.2,Steel,237.72132
1,1,39.0,Rural,58.0,2,,Gas,0,1,45,Gray,Stefan,0,1,2,2,2,16.0,3.04,,Steel,269.98479
1,2,73.0,Urban,65.0,,0,Gas,1,0,39,Green,,0,2,2,3,2,46.0,3.45,,Aluminum,3787.4562
3,1,114.0,Rural,40.0,1,1,Gas,0,1,24,White,Denis,0,1,2,2,1,14.0,1.74,113.0,Wood,326.42403
1,,130.0,Urban,30.0,,0,Oil,0,1,50,White,Natalie,0,1,1,3,3,6.0,2.89,206.4,Wood,268.75486
1,1,25.0,Urban,35.0,,,Oil,0,0,42,Green,Andreas,0,2,1,3,2,6.0,2.83,6008.0,Steel,139.58602
2,,62.0,Suburban,48.0,,1,Oil,0,0,29,White,Theresa,0,3,2,3,3,16.0,1.38,,Steel,138.16784
4,1,150.0,Urban,,,,Electricity,0,0,31,Yellow,Florian,0,2,3,2,2,6.0,4.85,,Aluminum,148.94321
,3,105.0,Suburban,52.0,,,Gas,1,1,37,Yellow,Sabrina,0,2,3,2,3,6.0,3.57,,Wood,139.02835
2,,127.0,Urban,,,0,Electricity,0,0,17,Gray,Denis,0,1,2,1,2,6.0,1.96,,Steel,201.74836
1,1,27.0,Urban,,,1,Gas,1,1,7,White,Daniel,0,3,1,1,1,6.0,2.7,26.0,Wood,108.83434
3,1,147.0,Suburban,49.0,,0,Electricity,0,0,45,Gray,,0,2,2,2,2,14.0,2.88,87.6,Aluminum,93.41169
1,,23.0,Rural,58.0,,0,Oil,1,1,11,Gray,Martin,0,3,2,3,3,6.0,1.24,35.2,Aluminum,129.60086
1,1,48.0,Suburban,64.0,2,,Electricity,0,1,19,White,,0,2,3,3,3,16.0,3.15,,Steel,134.10123
1,1,47.0,Urban,65.0,,1,Oil,0,1,23,Green,Sandra,0,1,1,2,2,14.0,3.27,73.6,Steel,207.77898
1,,59.0,Rural,,3,,Oil,0,1,43,Gray,,0,3,3,1,1,46.0,2.74,,Steel,424.85266
1,1,46.0,Suburban,39.0,2,1,Electricity,0,1,28,Green,Andreas,0,1,3,3,3,16.0,1.65,,Steel,131.07269
,1,36.0,Urban,52.0,,0,Oil,0,1,46,Gray,,0,2,1,2,3,6.0,2.9,56.0,Aluminum,78.76288
2,3,108.0,Urban,2.0,3,1,Electricity,1,1,50,White,Andreas,0,2,2,1,3,46.0,1.73,64.2,Wood,305.86436
1,1,39.0,Rural,46.0,,0,Oil,1,1,34,Green,,0,1,2,2,1,6.0,1.96,,Steel,261.71307
1,1,42.0,Rural,67.0,3,0,Electricity,1,1,47,Yellow,Andreas,0,2,2,3,2,46.0,2.19,25.2,Steel,383.95709
1,2,62.0,Rural,43.0,,,Gas,1,1,16,Green,Lukas,0,2,1,1,2,6.0,2.4,,Wood,229.39856
1,3,123.0,Suburban,62.0,2,1,Oil,0,0,36,White,,0,1,3,3,2,16.0,1.82,196.8,Aluminum,124.51035
3,2,126.0,Suburban,53.0,,0,Oil,0,1,33,Green,,0,1,2,1,2,6.0,3.33,201.6,Aluminum,129.68117
4,,148.0,Suburban,35.0,,0,Electricity,1,0,34,Yellow,,0,2,2,1,2,6.0,4.2,,Aluminum,102.03082
1,1,45.0,Rural,,2,0,Oil,0,1,9,White,Daniel,0,3,1,2,2,16.0,3.69,,Aluminum,179.06572
2,,84.0,Urban,68.0,3,,Gas,1,0,45,Gray,,0,3,2,2,2,46.0,1.35,,Wood,237.67435
1,1,38.0,Urban,62.0,,,Electricity,1,1,9,White,Theresa,0,2,3,3,1,6.0,1.85,,Aluminum,84.17778
2,2,82.0,Urban,26.0,,0,Oil,1,1,7,Gray,Theresa,0,3,2,3,2,46.0,2.05,131.2,Steel,411.84859
2,1,130.0,Rural,57.0,,0,Oil,1,1,16,Gray,,0,2,2,1,2,6.0,2.16,,Aluminum,331.3067
1,,114.0,Urban,66.0,1,,Electricity,1,1,2,Yellow,,0,3,2,2,2,14.0,1.98,69.0,Wood,240.70889
1,1,47.0,Suburban,37.0,,0,Gas,1,1,24,Green,Andreas,0,3,2,2,3,6.0,1.68,48.0,Steel,129.13588
1,,21.0,Rural,39.0,,0,Gas,0,1,50,Gray,Lukas,0,3,1,3,2,6.0,2.04,,Aluminum,83.51048
,1,21.0,Rural,35.0,2,1,Electricity,0,1,25,Gray,Maria,0,3,2,2,3,16.0,1.84,12.0,Wood,204.80852
3,2,112.0,Suburban,66.0,2,0,Electricity,0,1,31,Gray,,0,3,3,2,2,16.0,2.79,67.2,Wood,139.40134
1,1,79.0,Suburban,38.0,,0,Oil,1,1,37,Gray,Stefan,0,2,1,2,2,46.0,1.44,,Steel,212.07047
2,3,119.0,Rural,48.0,,0,Oil,0,1,48,Yellow,,0,2,3,1,2,16.0,3.5,,Wood,403.87527
1,,88.0,Rural,,1,,Electricity,0,0,46,Green,,0,3,1,2,2,14.0,2.5,53.4,Steel,252.2039
1,1,,Rural,,,0,Electricity,0,1,8,White,,0,2,1,2,2,6.0,1.5,28.2,Aluminum,89.85384
,2,79.0,Urban,62.0,1,0,Oil,1,1,9,Green,Roman,0,1,2,1,2,14.0,3.06,,Wood,232.86169
1,,29.0,Rural,,,0,Gas,0,1,12,Green,,0,3,2,3,3,46.0,2.03,29.0,Aluminum,247.45759
1,1,26.0,Suburban,,,0,Oil,0,1,24,White,,0,2,2,3,2,6.0,3.09,,Aluminum,40.11621
1,,67.0,Suburban,40.0,,0,Gas,0,0,22,Green,Sabrina,0,3,2,2,1,6.0,2.37,67.0,Wood,83.81602
3,5,147.0,Rural,63.0,,1,Gas,1,0,27,Yellow,,0,1,1,3,2,6.0,4.33,,Steel,381.10381
2,2,98.0,Rural,16.0,,0,Oil,1,0,29,Gray,,0,2,2,3,2,6.0,1.81,155.2,Steel,362.73064
1,,53.0,Urban,38.0,1,0,Oil,1,0,46,Gray,,0,2,2,3,3,14.0,3.04,,Aluminum,124.53361
1,,26.0,Rural,46.0,,1,Gas,0,1,13,,,0,2,2,2,2,16.0,1.14,,Aluminum,131.55037
1,1,54.0,Rural,69.0,,1,Oil,0,0,45,Yellow,Florian,0,3,3,3,1,6.0,4.89,,Wood,188.55758
2,,123.0,Rural,19.0,,1,Gas,0,1,33,Green,Sandra,0,3,3,2,1,6.0,3.37,122.0,Aluminum,274.03306
5,4,138.0,Rural,41.0,,1,Oil,1,1,22,Yellow,,0,2,2,2,3,6.0,4.8,,Aluminum,401.51635
1,2,111.0,Urban,61.0,,0,Oil,0,1,40,Gray,,0,3,3,2,2,6.0,2.05,179.2,Aluminum,203.6033
1,1,38.0,Urban,50.0,,0,Oil,0,1,40,White,,0,3,2,2,2,6.0,2.15,,Aluminum,91.89332
1,,36.0,Urban,70.0,2,0,Gas,0,0,22,Yellow,Natalie,0,3,2,3,1,16.0,3.64,36.0,Wood,128.99805
2,2,89.0,Suburban,39.0,,0,Electricity,0,1,13,Yellow,,0,2,2,2,1,6.0,3.22,52.8,Wood,104.32451
1,1,92.0,Suburban,25.0,,0,Electricity,0,1,29,Gray,Martin,0,3,3,3,3,6.0,1.39,,Aluminum,85.84295
2,,84.0,Rural,59.0,,0,Oil,1,1,36,White,Andreas,0,1,2,2,3,6.0,2.75,136.0,Wood,310.88624
2,2,67.0,Suburban,50.0,,,Oil,1,1,20,Yellow,Roman,0,2,1,3,3,6.0,2.13,,Wood,125.94937
1,1,,Urban,61.0,,0,Electricity,0,1,20,Green,,0,2,2,2,1,14.0,2.67,18.6,Steel,176.02861
1,1,19.0,Urban,6.0,,,Oil,0,0,21,Green,Sabrina,0,2,2,2,1,6.0,3.25,,Steel,144.54239
1,1,79.0,Urban,70.0,1,0,Gas,0,0,27,Green,,0,3,2,2,3,14.0,2.03,79.0,Aluminum,122.2759
1,,53.0,Suburban,68.0,,0,Gas,1,0,50,Green,,0,2,3,2,2,6.0,2.79,,Steel,98.113
1,2,90.0,Suburban,26.0,3,0,Electricity,0,1,45,Green,Johanna,0,2,3,2,2,46.0,1.84,,Wood,163.70742
1,2,66.0,Suburban,56.0,,1,Oil,0,0,23,Gray,,0,2,3,3,2,46.0,1.43,,Steel,175.49903
1,2,96.0,Suburban,15.0,,,Electricity,1,1,43,Gray,,0,2,2,2,1,16.0,1.26,,Wood,126.34443
1,,122.0,Suburban,70.0,2,0,Gas,0,0,37,,,0,2,1,2,2,16.0,2.72,,Steel,141.5547
3,4,135.0,Urban,48.0,,,Gas,1,1,14,White,Andreas,0,3,3,1,2,6.0,2.43,,Wood,284.04233
,3,101.0,Rural,6.0,,0,Oil,0,1,4,Green,,0,1,3,1,3,6.0,3.35,,Wood,370.8086
1,1,50.0,Rural,,,0,Oil,0,1,40,Yellow,Lukas,0,2,2,1,3,6.0,3.82,81.6,Aluminum,131.70414
1,,22.0,Suburban,,2,0,Electricity,1,1,3,,Johanna,0,1,2,2,3,16.0,1.96,,Steel,112.81739
3,3,100.0,Urban,34.0,3,0,Electricity,0,1,5,Yellow,,0,3,2,2,2,46.0,2.55,60.0,Aluminum,263.90993
2,,136.0,Rural,27.0,,0,Gas,1,1,7,Gray,,0,2,1,2,2,6.0,2.59,136.0,Aluminum,302.07907
3,1,127.0,Urban,66.0,,0,Gas,0,1,42,Green,,0,1,2,2,3,6.0,1.62,,Aluminum,177.26699
5,2,140.0,Suburban,32.0,,,Electricity,0,1,4,Yellow,Stefan,0,2,2,3,2,6.0,4.02,84.6,Wood,153.31758
1,1,41.0,Rural,41.0,2,1,Gas,0,0,3,Green,Florian,0,2,2,2,2,16.0,3.31,5059.0,Wood,198.35813
4,4,134.0,Urban,20.0,,0,Electricity,1,1,7,White,,0,3,1,2,2,6.0,2.93,,Steel,316.71819
1,1,38.0,Suburban,45.0,,0,Electricity,0,1,40,Green,,0,2,2,1,3,6.0,2.06,23.4,Steel,99.28626
1,,48.0,Suburban,55.0,,,Electricity,0,1,11,Yellow,Denis,0,2,2,2,3,16.0,2.98,29.4,Steel,131.34758
2,2,118.0,Suburban,40.0,3,0,Electricity,0,1,29,Gray,,0,1,1,3,3,46.0,2.1,,Wood,181.28567
1,1,37.0,Suburban,31.0,,0,Oil,0,1,1,Yellow,Sandra,0,2,1,1,2,6.0,2.41,60.8,Wood,83.69621
1,1,47.0,Suburban,,,1,Electricity,0,1,11,White,Florian,0,1,3,3,3,6.0,3.09,28.2,Steel,108.08102
1,1,55.0,Rural,,,1,Oil,1,1,28,Yellow,,0,2,2,1,3,6.0,3.31,88.0,Steel,307.47798
1,1,31.0,Rural,21.0,,,Electricity,0,0,10,White,Daniel,0,2,2,1,2,6.0,2.12,17.4,Steel,197.18885
3,3,105.0,Urban,27.0,,0,Gas,0,1,47,White,Johanna,0,3,2,2,2,6.0,2.37,106.0,Steel,272.80377
1,1,25.0,Suburban,28.0,,0,Oil,1,1,19,White,Florian,0,2,1,1,2,6.0,3.78,40.0,Wood,76.35695
,2,117.0,Urban,,,,Oil,1,1,13,Green,,0,2,3,3,2,6.0,1.98,6405.0,Wood,282.20531
2,2,112.0,Suburban,58.0,2,,Gas,0,1,4,Gray,Johanna,0,3,3,3,2,16.0,2.26,109.0,Steel,195.18593
3,,105.0,Suburban,60.0,,0,Oil,1,1,25,Yellow,Sandra,0,1,2,2,2,6.0,2.18,,Aluminum,123.989
1,1,65.0,Suburban,68.0,,0,Electricity,0,1,49,Gray,Andreas,0,3,2,1,2,6.0,1.71,37.8,Steel,106.13729
3,,125.0,Suburban,53.0,2,0,Gas,1,1,19,White,,0,1,1,3,2,16.0,2.64,125.0,Wood,168.99989
2,1,96.0,Suburban,,,0,Gas,0,1,38,Yellow,Martin,0,1,2,2,2,14.0,4.82,97.0,Aluminum,88.76439
2,1,102.0,Rural,48.0,,0,Oil,0,0,45,Yellow,,0,3,3,1,2,6.0,4.69,,Steel,332.7105
2,3,126.0,Urban,60.0,,0,Electricity,1,1,0,Gray,Martin,0,3,2,3,2,14.0,2.96,,Wood,265.30936
1,1,29.0,Rural,,,,Gas,0,1,26,Green,,0,1,1,3,2,6.0,1.96,28.0,Wood,139.99302
,1,124.0,Urban,4.0,1,,Electricity,0,1,33,Green,,0,3,3,2,2,14.0,3.05,,Aluminum,192.40102
1,1,59.0,Rural,63.0,,0,Electricity,0,1,41,White,Theresa,0,1,2,2,1,16.0,3.78,34.8,Steel,272.73068
3,2,119.0,Urban,45.0,,0,Electricity,1,1,44,White,Denis,0,3,2,2,2,6.0,3.55,,Aluminum,164.52856
2,2,98.0,Rural,47.0,,0,Electricity,0,1,17,Yellow,Florian,0,1,2,2,2,6.0,2.82,,Aluminum,177.74107
1,1,57.0,Suburban,55.0,1,0,Electricity,0,1,33,White,,0,3,1,2,2,14.0,3.48,,Aluminum,61.64647
,1,59.0,Suburban,39.0,,0,Electricity,1,1,5,Yellow,Andreas,0,3,2,2,3,6.0,2.27,8326.0,Aluminum,69.38438
,1,,Urban,,,,Gas,1,1,33,,,0,1,2,2,2,6.0,3.4,28.0,Steel,160.73645
3,,117.0,Urban,51.0,,1,Oil,0,1,43,Gray,Sandra,0,2,1,1,2,16.0,1.1,,Wood,279.82585
1,2,92.0,Rural,,,1,Gas,0,1,28,White,,0,3,1,2,2,16.0,3.18,,Steel,365.42383
1,1,80.0,Urban,22.0,,1,Electricity,0,1,42,Gray,Roman,0,1,3,2,1,6.0,2.53,,Steel,202.16686
,2,81.0,Urban,54.0,,,Electricity,0,1,11,Gray,Sabrina,0,3,3,2,2,6.0,1.9,,Aluminum,123.94232
,,131.0,Suburban,57.0,,0,Electricity,0,0,4,Gray,Andreas,0,1,3,3,2,6.0,1.92,79.2,Aluminum,90.44384
1,,44.0,Suburban,,,0,Oil,0,1,3,Green,,0,3,3,3,1,6.0,3.05,68.8,Aluminum,61.48053
1,,92.0,Urban,24.0,,0,Electricity,1,1,46,Gray,Denis,0,1,2,2,2,14.0,1.79,,Steel,245.73527
1,1,57.0,Rural,56.0,1,,Gas,1,1,21,Green,Florian,0,1,2,3,3,14.0,1.83,,Steel,329.62138
,,88.0,Urban,62.0,2,0,Oil,0,1,2,Gray,,1,2,2,2,2,16.0,1.62,139.2,Steel,306.16859
2,1,128.0,,,,0,Electricity,1,1,34,White,Florian,0,2,1,3,1,6.0,1.59,,Aluminum,93.57659
1,1,122.0,Suburban,28.0,,0,Electricity,1,1,41,White,Roman,0,2,2,2,3,6.0,2.97,72.6,Wood,125.37942
,1,33.0,Suburban,,,0,Oil,1,0,3,White,Sabrina,0,2,1,2,3,6.0,2.83,49.6,Steel,95.85632
1,1,92.0,Suburban,63.0,,1,Electricity,1,1,48,White,,0,2,2,3,2,6.0,3.64,,Aluminum,73.10897
,1,58.0,Suburban,38.0,,0,Gas,0,0,47,Gray,,0,1,1,2,2,46.0,2.3,58.0,Wood,115.7901
1,,22.0,Suburban,34.0,,1,Oil,1,1,41,,Martin,0,2,3,2,1,6.0,2.41,,Wood,76.54197
1,,98.0,Suburban,50.0,3,0,Oil,1,1,32,,,0,2,3,2,1,46.0,4.08,,Aluminum,174.40335
1,1,33.0,Rural,55.0,,,Gas,1,1,12,Yellow,,0,2,2,1,2,16.0,3.83,32.0,Steel,292.71525
1,,52.0,Urban,37.0,,,Electricity,1,1,32,White,Denis,0,2,2,2,3,6.0,3.74,31.8,Steel,200.61956
1,1,32.0,Suburban,49.0,2,0,Oil,1,0,45,White,Maria,0,2,2,2,2,16.0,3.17,,Steel,108.23528
1,1,96.0,Rural,49.0,,1,Oil,0,1,28,Green,,0,3,1,3,2,6.0,1.83,,Aluminum,249.579
2,,65.0,Rural,,,0,Gas,1,1,49,White,Andreas,0,2,1,3,2,6.0,2.39,,Wood,248.89233
1,,78.0,Suburban,40.0,,0,Oil,0,1,21,Green,,0,2,2,2,2,14.0,2.77,124.8,Wood,134.07878
1,2,66.0,Rural,67.0,,0,Electricity,1,1,46,Yellow,Andreas,0,2,3,1,2,6.0,4.4,39.6,Steel,275.54542
1,,43.0,Urban,54.0,2,,Oil,0,1,34,Green,Laura,0,2,3,3,2,16.0,2.35,65.6,Wood,179.71198
2,,147.0,Suburban,20.0,,0,Electricity,0,0,48,White,,0,3,1,2,2,6.0,2.37,,Wood,112.18396
1,2,120.0,Suburban,42.0,,1,Electricity,1,0,8,White,,0,2,3,2,2,6.0,2.4,-935.0,Wood,111.55332
1,5,137.0,Urban,,1,0,Electricity,1,1,23,Green,,0,3,2,3,2,14.0,1.5,82.2,Wood,262.43546
2,3,126.0,Urban,40.0,,,Gas,1,1,50,Yellow,Denis,0,1,2,3,1,6.0,2.16,,Wood,234.58247
1,,58.0,Suburban,,,1,Electricity,0,1,27,Green,Sandra,0,2,1,2,2,6.0,1.9,,Aluminum,42.2398
